,1992,1993,1994,1995,1996,1997,1998,1999,2000,2001,2002,2003,2004,2005,2006,2007,2008,2009,2010,2011,2012,2013,2014,2015,2016,2017,2018,2019
七台河市,168223.0,203650.0,268435.0,395170.0,443583.0,492488.0,492488.0,529811.0,562078.0,614451.0,696552.0,796885.0,965164.0,1002149.0,1142269.0,1351595.0,1871613.0,2336262.0,3052237.0,3080590.0,2989081.0,2409883.0,2142590.0,2126515.0,2166414.0,2334836.0,2503258.0,2310000.0
三亚市,22550.0,35209.0,190585.0,213166.0,221084.0,239934.0,239934.0,256102.0,295398.0,318613.0,358800.0,411659.0,482348.0,742144.0,1092608.0,1223161.0,1443178.0,1733198.0,2308509.0,2837549.0,3309625.0,3734888.0,4022558.0,4358202.0,4755567.0,5355312.0,5955057.0,6780000.0
三明市,821626.0,1225146.0,1588925.0,1958191.0,2091770.0,2243997.0,2243997.0,2398875.0,2549813.0,2720804.0,2865663.0,3206821.0,3758431.0,3928434.0,4535752.0,5456879.0,6669222.0,8002444.0,9751020.0,12118142.0,13392862.0,14775868.0,16212064.0,17130478.0,18608197.0,21072679.5,23537162.0,26020000.0
三沙市,,,,,,,,,,,,,,,,,,,,,,,,,,,,
三门峡市,323522.0,438439.0,727701.0,1137323.0,1309258.0,1448007.0,1448007.0,1520925.0,1686397.0,1811926.0,1971858.0,2245634.0,2746518.0,3351823.0,4121470.0,5184183.0,6542124.0,7027459.0,8744157.0,10304485.0,11273204.0,11920868.0,12400597.0,12510383.0,13258631.0,14269937.5,15281244.0,14440000.0
上海市,22122411.0,29897783.0,19720000.0,2902200.0,33602100.0,36882000.0,36882000.0,40349600.0,45511500.0,49508400.0,54087600.0,62508100.0,74502700.0,91541800.0,103663700.0,121888500.0,136981500.0,150464500.0,171659800.0,191956900.0,201817200.0,216021200.0,235677000.0,251234500.0,281786500.0,304292600.0,326798700.0,381560000.0
上饶市,75760.0,96393.0,90430.0,127914.0,151521.0,160510.5,169500.0,951905.0,1734310.0,1908609.0,2185000.0,2527563.0,3010663.0,3881089.0,4514277.0,5281238.0,6283382.0,7285029.0,9010029.0,11105823.0,12653897.0,14013134.0,15502360.0,16508064.0,18177664.0,20176211.0,22174758.0,25130000.0
东莞市,1118207.0,1543049.0,1545383.0,2451106.0,2947037.0,793666.0,824132.5,854599.0,4897332.0,5789340.0,6728910.0,9479654.0,11552982.0,21816245.0,26265085.0,31519126.0,37025344.0,37639142.0,42464527.0,47353949.0,50101727.0,54900207.0,58813173.0,62750737.0,68276868.0,75531394.0,82785920.0,94820000.0
东营市,1323547.0,1830141.0,1880000.0,2590700.0,3001800.0,3156700.0,3156700.0,3308400.0,4651100.0,5015200.0,5403000.0,6960800.0,8925300.0,11661400.0,14503100.0,16648004.0,20526200.0,20589700.0,23599400.0,26763500.0,30006600.0,32502000.0,34304900.0,34506400.0,34796000.0,38160350.0,41524700.0,29160000.0
中卫市,,,,,,,,,,,,,505381.0,658484.0,750050.0,896641.0,1191009.0,1429824.0,1731892.0,2215901.0,2505881.0,2868250.0,2975704.0,3168907.0,3391289.0,3710618.0,4029947.0,4380000.0
中山市,1148542.0,1776731.0,1300242.0,1811476.0,2209508.0,1416520.0,1477158.0,1537796.0,3128236.0,3625016.0,4156701.0,5014043.0,6101413.0,8802018.0,10363164.0,12380456.0,14085194.0,15664106.0,18506521.0,21931985.0,24410432.0,26389329.0,28230069.0,30100326.0,32027780.0,34177396.5,36327013.0,31010000.0
临汾市,120470.0,161775.0,208808.0,280665.0,321499.0,340266.0,359033.0,1035020.5,1711008.0,1924352.0,2239068.0,2953034.0,3759352.0,5231628.0,5887387.0,6580869.0,7546316.0,7668659.0,8901440.0,11360573.0,12210801.0,12239045.0,12132401.0,11611090.0,12051761.0,13226095.5,14400430.0,14530000.0
临沂市,418758.0,654300.0,2343477.0,3725500.0,4268200.0,4588200.0,4588200.0,5015900.0,5546000.0,6231500.0,7021300.0,8346000.0,10120000.0,12117800.0,14048600.0,16604600.0,19582000.0,20691100.0,23999900.0,27704500.0,30128100.0,33368100.0,35698000.0,37631700.0,40267500.0,43722750.0,47178000.0,46000000.0
临沧市,,,,,,,,,,,,731542.0,838988.0,965139.0,1141738.0,1357830.0,1568740.0,1813326.0,2169731.0,2724334.0,3529771.0,4160951.0,4651215.0,5021223.0,5508172.0,5904185.5,6300199.0,7590000.0
丹东市,832458.0,997435.0,1083024.0,1402102.0,1518644.0,1577914.0,1577914.0,1660695.0,1728908.0,1865795.0,2026475.0,2329453.0,2905058.0,3263156.0,3853331.0,4640241.0,5638618.0,6075211.0,7288908.0,8886676.0,10153733.0,11072964.0,10226035.0,9849006.0,7512352.0,7839870.5,8167389.0,7680000.0
丽水市,72298.0,105162.0,152684.0,202757.0,227707.0,231481.0,235255.0,801434.0,1367613.0,1589669.0,1851028.0,2202878.0,2645690.0,3059863.0,3553709.0,4338900.0,5056756.0,5465482.0,6632932.0,7982174.0,8941046.0,9830769.0,10517517.0,11032922.0,12102414.0,13024532.0,13946650.0,14770000.0
丽江市,,,,,,,,,,,369480.0,414050.0,503780.0,603328.0,701749.0,848176.0,1011490.0,1206746.0,1435885.0,1785015.0,2122389.0,2488114.0,2618385.0,2896117.0,3092899.0,3300263.5,3507628.0,4730000.0
乌兰察布市,,,,,,,,,,,,1553002.0,1831763.0,2302063.0,2850871.0,3440007.0,4346864.0,5000100.0,5676016.0,6900415.0,7811700.0,8337947.0,8737258.0,9137748.0,9388700.0,8516950.0,7645200.0,8080000.0
乌海市,114548.0,163900.0,167980.0,216259.0,261888.0,306057.0,306057.0,338519.0,382203.0,439207.0,513994.0,676298.0,913666.0,1256046.0,1523965.0,1900400.0,2401000.0,3112080.0,3911235.0,4832452.0,5625710.0,5701293.0,6010187.0,5598322.0,5722261.0,5340810.5,4959360.0,5510000.0
乌鲁木齐市,870522.0,1135367.0,1405496.0,2007266.0,2169045.0,2320000.0,2320000.0,2487769.0,2750000.0,3150000.0,3544426.0,4085834.0,4842599.0,5625007.0,6543019.0,8202800.0,10203488.0,10945200.0,13385172.0,16900347.0,20040727.0,22028545.0,24614698.0,26316398.0,24589766.0,27793712.5,30997659.0,34130000.0
乐山市,847326.0,1094870.0,1342414.0,1946273.0,1218879.0,1317615.0,1317615.0,1404103.0,1460203.0,1610762.0,1798019.0,2155616.0,2657746.0,3067168.0,3664350.0,4529731.0,5623939.0,6190171.0,7439150.0,9180596.0,10377500.0,11347900.0,12075899.0,13012326.0,14065848.0,15108398.5,16150949.0,18630000.0
九江市,722766.0,995525.0,1107116.0,1700533.0,1928000.0,1704500.0,1704500.0,1919469.0,2130700.0,2326245.0,2633549.0,3067749.0,3567621.0,4289161.0,5062201.0,5925614.0,7005984.0,8313636.0,10320647.0,12564149.0,14201046.0,16017317.0,17799599.0,19026783.0,20961347.0,23981599.5,27001852.0,31210000.0
云浮市,,,1212443.0,1461823.0,1557306.0,1639954.0,1639954.0,1720537.0,1693674.0,1801652.0,1919831.0,2147012.0,2575959.0,2137294.0,2441995.0,2710105.0,3198566.0,3445051.0,4009741.0,4813671.0,5404494.0,6022990.0,6640048.0,7131416.0,7783051.0,8137167.5,8491284.0,9220000.0
亳州市,,,,,,,,,,,,,,,2987300.0,3355660.0,4042200.0,4319284.0,5127800.0,6266531.0,7156572.0,7910950.0,8836299.0,9426090.0,10461044.0,11616494.5,12771945.0,17490000.0
伊春市,262912.0,349096.0,407396.0,524807.0,587172.0,654330.0,654330.0,676912.0,726206.0,785572.0,853472.0,950709.0,1092023.0,1159296.0,1303332.0,1532188.0,1790114.0,1724616.0,2024407.0,2296836.0,2600327.0,2844921.0,2560255.0,2481966.0,2512167.0,2626845.0,2741523.0,2990000.0
佛山市,4295508.0,6211348.0,4363740.0,6374395.0,7245687.0,7825620.0,7825620.0,8337935.0,9572042.0,11038915.0,11759169.0,13815951.0,16564573.0,23831836.0,29281591.0,36051142.0,43333044.0,48208972.0,56515223.0,65802823.0,66130223.0,70101725.0,74415994.0,80039186.0,86300002.0,92829423.5,99358845.0,107510000.0
佳木斯市,432717.0,541787.0,766691.0,1093056.0,1192162.0,1303800.0,1303800.0,1327702.0,1464021.0,1642411.0,1847101.0,2008599.0,2362956.0,2415433.0,2785370.0,3368924.0,3985000.0,4326603.0,5124563.0,6253089.0,6682943.0,7921480.0,7659799.0,8101676.0,8450332.0,9285411.5,10120491.0,7630000.0
保定市,601686.0,796434.0,903523.0,4604259.0,5450860.0,5939500.0,5939500.0,6365742.0,7022238.0,7473056.0,8234564.0,9248071.0,11108786.0,10721423.0,11999550.0,13751799.0,15808884.0,17300023.0,20503000.0,24499000.0,27209000.0,29043115.0,30352036.0,30003400.0,34771269.0,35334577.0,35897885.0,37720000.0
保山市,32889.0,41340.0,129726.0,206705.0,239862.0,249816.0,259770.0,482012.5,704255.0,758640.0,810870.0,873000.0,980830.0,1174226.0,1354865.0,1623779.0,1940496.0,2216546.0,2608992.0,3196451.0,3899564.0,4497419.0,5009758.0,5519581.0,6133904.0,6757676.0,7381448.0,9610000.0
信阳市,105223.0,126804.0,144724.0,223122.0,258442.0,2288480.0,2288480.0,2389627.0,2610514.0,2636800.0,3119211.0,3471173.0,4342689.0,5085635.0,5883499.0,6990260.0,8667899.0,9289974.0,10918323.0,12576828.0,13973205.0,15811632.0,17573375.0,18777440.0,20378010.0,22127987.5,23877965.0,27580000.0
儋州市,,,,,,,,,,,,,,,,,,,,,,,,2317313.0,2577835.0,2903764.0,3229693.0,3580000.0
克拉玛依市,564447.0,914021.0,611807.0,785298.0,943710.0,906581.0,906581.0,1019903.0,1385868.0,1675526.0,1704788.0,2162707.0,2962020.0,3857256.0,4732562.0,5151297.0,6612062.0,4802909.0,7113531.0,8016855.0,8107054.0,8531091.0,8476725.0,6294299.0,6209989.0,7595704.5,8981420.0,9730000.0
六安市,86716.0,175285.0,308229.0,483184.0,512146.0,491533.0,470920.0,1791815.0,1709000.0,1806100.0,1962260.0,2090680.0,2531000.0,3128200.0,3563500.0,4352900.0,5339470.0,5840232.0,6761209.0,8210200.0,9182000.0,10102100.0,10958100.0,10164885.0,11081469.0,11981003.5,12880538.0,16200000.0
六盘水市,213826.0,313073.0,440223.0,567681.0,633885.0,683514.0,683514.0,745294.0,815053.0,905076.0,1011188.0,1170820.0,1510957.0,2075507.0,2539238.0,3008419.0,3842663.0,4301556.0,5006319.0,6138561.0,7386526.0,8821100.0,10427300.0,12010800.0,13137000.0,14196950.0,15256900.0,12660000.0
兰州市,1526022.0,1968100.0,1558911.0,2302500.0,2436800.0,2595092.0,2595092.0,2752498.0,3094316.0,3487465.0,3867843.0,4400803.0,5046500.0,5670437.0,6384705.0,7327581.0,8462811.0,9259821.0,11003898.0,13600299.0,15638180.0,17762823.0,20009389.0,20959920.0,22642318.0,24985845.5,27329373.0,28370000.0
内江市,751709.0,953124.0,1554181.0,2151484.0,2495789.0,1259093.0,1259093.0,1331242.0,1448017.0,1604308.0,1782231.0,2003189.0,2435401.0,2548349.0,3012878.0,3746111.0,4882791.0,5608849.0,6902791.0,8546836.0,9781812.0,10693429.0,11567723.0,11985784.0,12976712.0,13547116.5,14117521.0,14330000.0
包头市,1059268.0,1576900.0,1199943.0,1750012.0,1948881.0,2072078.0,2072078.0,2140579.0,2283658.0,2485728.0,3330196.0,4501914.0,6083255.0,8486991.0,10101178.0,12771982.0,17600038.0,21687980.0,24608100.0,30054000.0,34095400.0,35030200.0,36363100.0,37219300.0,38676300.0,34097100.0,29517900.0,27140000.0
北京市,9159007.0,12425600.0,10830377.0,16157300.0,18100900.0,20113100.0,20113100.0,21744600.0,24787600.0,28456500.0,32127100.0,36631000.0,42833100.0,68863101.0,78702835.0,93533200.0,104880500.0,121530000.0,141135800.0,162519300.0,178794000.0,195005600.0,213308300.0,230145900.0,256691300.0,279945543.5,303199787.0,353710000.0
北海市,191230.0,281506.0,768558.0,970487.0,1120003.0,1026208.0,1026208.0,1076779.0,1136811.0,1234378.0,1362296.0,1401429.0,1618918.0,1816197.0,1996407.0,2465826.0,3138785.0,3177113.0,3975762.0,4965849.0,6307923.0,7349971.0,8560135.0,8920837.0,10066500.0,11099755.0,12133010.0,13010000.0
十堰市,982533.0,1653696.0,1424126.0,1571601.0,1653804.0,1817257.0,1817257.0,1674498.0,1785023.0,2017700.0,2315200.0,2423400.0,2909600.0,3066300.0,3381500.0,4114200.0,4876426.0,5509600.0,7367800.0,8512500.0,9556800.0,10805900.0,12008200.0,13001200.0,14291500.0,15884850.0,17478200.0,20130000.0
南京市,4554867.0,6159745.0,4668613.0,6748997.0,7550549.0,8251263.0,8251263.0,8994202.0,10212983.0,11503034.0,12975725.0,15763300.0,19100000.0,24111100.0,27737800.0,32837300.0,37750000.0,42302608.0,51306500.0,61455200.0,72015700.0,80117800.0,88207500.0,97207700.0,105030200.0,116617100.0,128204000.0,140310000.0
南充市,132586.0,464233.0,833492.0,1158076.0,1346856.0,1468328.0,1468328.0,1585377.0,1767797.0,2000900.0,2191069.0,2503236.0,3070864.0,3352726.0,3964607.0,5081290.0,6019472.0,6862762.0,8278238.0,10294802.0,11803603.0,13285528.0,14320202.0,15162016.0,16514004.0,18287168.5,20060333.0,23220000.0
南宁市,700242.0,909065.0,1361036.0,2021974.0,2315969.0,2585733.0,2585733.0,2745506.0,2943002.0,3247856.0,3560670.0,5025271.0,5888588.0,7233557.0,8701481.0,10690099.0,13162137.0,15247144.0,18002613.0,22114358.0,25031812.0,28035444.0,31482973.0,34100859.0,37033300.0,38651176.5,40269053.0,45070000.0
南平市,233470.0,324069.0,1276070.0,1880653.0,2061769.0,2088527.0,2088527.0,2149324.0,2227808.0,2408847.0,2549835.0,2826381.0,3216960.0,3480016.0,3931859.0,4665770.0,5591439.0,6216534.0,7286525.0,8943055.0,9967580.0,11058215.0,12325593.0,13395148.0,14577378.0,16251254.0,17925130.0,19920000.0
南昌市,1184248.0,1651901.0,1791004.0,3010215.0,3600000.0,3800104.0,3800104.0,3998020.0,4351022.0,4856173.0,5523746.0,6410248.0,7704622.0,10077025.0,11838973.0,13898920.0,16600847.0,18375008.0,22001059.0,26888724.0,30005236.0,33360265.0,36679635.0,40000140.0,43549927.0,48148321.5,52746716.0,55960000.0
南通市,2908144.0,4343545.0,3451698.0,5304243.0,5774733.0,6244917.0,6244917.0,6704393.0,7364436.0,8092955.0,8873292.0,10067100.0,12260619.0,14720800.0,17583400.0,21118800.0,25101300.0,28728038.0,34656700.0,40802200.0,45586700.0,50388916.0,56526900.0,61483955.0,67682000.0,75976000.0,84270000.0,93830000.0
南阳市,196378.0,262884.0,2150052.0,3753541.0,4390280.0,2405946.0,4658731.0,2601554.0,5196645.0,5762789.0,6250672.0,7241573.0,8933215.0,10534299.0,12030522.0,13763321.0,16364296.0,17144914.0,19533562.0,22023132.0,23407260.0,24992201.0,26755709.0,28668156.0,31149653.0,33408693.5,35667734.0,38150000.0
厦门市,1274225.0,1734900.0,1890901.0,3084808.0,3718162.0,4180644.0,4180644.0,4582928.0,5018706.0,5583268.0,6483570.0,7596934.0,8832098.0,10065831.0,11680229.0,13878520.0,15600218.0,17372349.0,20600737.0,25393132.0,28170697.0,30181565.0,32735772.0,34660288.0,37842662.0,42878396.5,47914131.0,59950000.0
双鸭山市,277241.0,348058.0,426725.0,679044.0,752130.0,824068.0,824068.0,819887.0,840736.0,922687.0,1005654.0,1148876.0,1366325.0,1466204.0,1692288.0,2064301.0,2600512.0,2985082.0,3963504.0,5029164.0,5654312.0,5551063.0,4326831.0,4333342.0,4373971.0,4722023.0,5070075.0,4760000.0
台州市,,,2688297.0,4865936.0,5090663.0,5546349.0,5546349.0,6050030.0,6749875.0,7475941.0,8583079.0,9950324.0,11737943.0,12517703.0,14633068.0,17218413.0,19652660.0,20404529.0,24264533.0,27544144.0,29112616.0,31533369.0,33873783.0,35538533.0,38986594.0,43866645.0,48746696.0,51340000.0
合肥市,1130300.0,1533474.0,1318183.0,2115886.0,2489887.0,2704736.0,2704736.0,2944484.0,3247340.0,3634412.0,4128065.0,4849623.0,5897000.0,8535700.0,10737600.0,13346102.0,16648400.0,21021200.0,27016100.0,36366000.0,41643400.0,46729100.0,51805600.0,56602700.0,62743777.0,70486419.0,78229061.0,94090000.0
吉安市,120333.0,154200.0,118732.0,170596.0,175567.0,182333.5,189100.0,874040.0,1558980.0,1648891.0,1800000.0,2067244.0,2428600.0,3031422.0,3517803.0,4060052.0,5050046.0,5841087.0,7205251.0,8790619.0,10062610.0,11239013.0,12421109.0,13285198.0,14613721.0,16018006.5,17422292.0,20850000.0
吉林市,1700959.0,2182607.0,1815115.0,2695549.0,2868190.0,3307965.0,3307965.0,3520901.0,4011802.0,4464432.0,5150813.0,6001038.0,7037040.0,6296913.0,7288301.0,10080128.0,13000948.0,15004776.0,18006376.0,22080487.0,24300668.0,26174061.0,23795605.0,23941860.0,24535091.0,23318738.5,22102386.0,14170000.0
吐鲁番市,,,,,,,,,,,,,,,,,,,,,,,,,,,3105938.0,3840000.0
吕梁市,,,,,,,,,,,,1349617.0,1795855.0,3095173.0,4057513.0,5076745.0,6296438.0,6115606.0,8455392.0,11307118.0,12304159.0,12286015.0,11013462.0,9558013.0,9953079.0,12078137.0,14203195.0,15120000.0
吴忠市,58433.0,69055.0,76516.0,125607.0,146808.0,716528.0,716528.0,785000.0,917834.0,1010000.0,960000.0,1270346.0,922147.0,981093.0,1196379.0,1388272.0,1729879.0,1858945.0,2169973.0,2719592.0,3150281.0,3519276.0,3834317.0,4048073.0,4424283.0,4884809.5,5345336.0,5800000.0
周口市,88005.0,118074.0,129008.0,195647.0,234161.0,240582.5,247004.0,1830866.0,3414728.0,3734029.0,4135687.0,4034625.0,5219821.0,5954976.0,6777441.0,7985380.0,9841251.0,10653712.0,12283024.0,14074894.0,15747181.0,17906548.0,19920815.0,20896975.0,22638615.0,24755357.5,26872100.0,31980000.0
呼伦贝尔市,,,,,,,,,,,,,2617890.0,3240831.0,3950600.0,5050392.0,6326600.0,7792653.0,9320138.0,11453101.0,13358200.0,14305520.0,15222009.0,15989500.0,16208500.0,14368750.0,12529000.0,11930000.0
呼和浩特市,457008.0,673480.0,784542.0,1137346.0,1280130.0,1430164.0,1430164.0,1564299.0,1791495.0,2111188.0,3167000.0,4062029.0,5121000.0,7436618.0,9000845.0,11011331.0,13163700.0,16439925.0,18657116.0,21772669.0,24755700.0,27103900.0,28940500.0,30905200.0,31735900.0,30385450.0,29035000.0,27910000.0
咸宁市,100482.0,129544.0,143309.0,147629.0,180122.0,,,1225046.0,1330699.0,1447700.0,1565900.0,1736800.0,2050000.0,2038300.0,2341500.0,2867400.0,3591900.0,4051500.0,5203300.0,6520100.0,7609900.0,8721100.0,9642500.0,10300700.0,11079300.0,12351750.0,13624200.0,15950000.0
咸阳市,727253.0,957300.0,1151845.0,1727802.0,1838545.0,1998952.0,1998952.0,2081979.0,2282095.0,2319108.0,2500400.0,2876431.0,3385620.0,4325160.0,4839650.0,5858860.0,7645560.0,8732000.0,10986810.0,13613200.0,15736770.0,18603870.0,20773400.0,21559100.0,23909700.0,23837115.0,23764530.0,21950000.0
哈密市,,,,,,,,,,,,,,,,,,,,,,,,,,,5366085.0,6050000.0
哈尔滨市,2327322.0,2818381.0,3118609.0,6373925.0,7462006.0,8161672.0,8161672.0,8832800.0,10027000.0,11201156.0,12321276.0,14147991.0,16804635.0,18304514.0,20940751.0,24368044.0,28681851.0,31755391.0,36648538.0,42421894.0,45502155.0,50170491.0,53400715.0,57512119.0,61016096.0,62010445.0,63004794.0,52490000.0
唐山市,2225508.0,3330244.0,3864908.0,6072800.0,7108752.0,7811579.0,7811579.0,8325611.0,9150473.0,10064571.0,11022878.0,12953220.0,16263343.0,20276374.0,23621410.0,27794190.0,35611900.0,38127192.0,44691588.0,54424541.0,58616363.0,61212139.0,62253023.0,61030601.0,63548675.0,66549187.5,69549700.0,68900000.0
商丘市,119023.0,138213.0,137901.0,224626.0,2248588.0,4658731.0,2405946.0,4849380.0,2850119.0,3183780.0,3427291.0,3397493.0,4558370.0,5607773.0,6509783.0,7656721.0,9313905.0,9955475.0,11437913.0,13083722.0,13972750.0,15382197.0,16976370.0,18121623.0,19891538.0,21890942.0,23890346.0,29110000.0
商洛市,,,,,,,,,,626000.0,656300.0,755900.0,871500.0,1001550.0,1141600.0,1357980.0,1740360.0,2251190.0,2859000.0,3628750.0,4233100.0,5108800.0,5762670.0,6218310.0,6992980.0,7620325.0,8247670.0,8370000.0
嘉兴市,1915110.0,2999160.0,2559932.0,3816972.0,4197460.0,4450356.0,4450356.0,4718859.0,5410181.0,6042610.0,7064295.0,8580276.0,10505564.0,11596615.0,13466481.0,15853145.0,18152979.0,19180282.0,23002027.0,26770874.0,28905730.0,31476636.0,33526045.0,35178068.0,38621104.0,43670470.0,48719836.0,53700000.0
嘉峪关市,123458.0,217172.0,120306.0,139685.0,161659.0,160450.0,160450.0,168848.0,179307.0,206425.0,240336.0,317731.0,444385.0,813069.0,986572.0,1201845.0,1441043.0,1600500.0,1843192.0,2355352.0,2691460.0,2262175.0,2430618.0,1900441.0,1534089.0,2265144.5,2996200.0,2830000.0
四平市,519299.0,643734.0,1003768.0,1328230.0,1480047.0,1578395.0,1578395.0,1644020.0,1565766.0,1794311.0,1999885.0,2313066.0,2794099.0,3307059.0,3801684.0,4752497.0,5965476.0,6585947.0,7795527.0,9845977.0,11228017.0,12103434.0,12103150.0,12332487.0,11938035.0,10690638.5,9443242.0,7960000.0
固原市,,,,,,,,,,,309648.0,375938.0,358573.0,448776.0,519279.0,618352.0,757929.0,879280.0,1040310.0,1337454.0,1584544.0,1829501.0,2010289.0,2170391.0,2398058.0,2715001.0,3031944.0,3230000.0
大同市,715372.0,1051000.0,1066252.0,1454879.0,1556877.0,1709372.0,1709372.0,1569588.0,1701829.0,1902003.0,2183851.0,2515415.0,3047269.0,3702507.0,4059573.0,4908465.0,5696268.0,5962587.0,6959095.0,8435722.0,9313878.0,9674311.0,10017256.0,10533703.0,10257962.0,11488780.0,12719598.0,13190000.0
大庆市,3030231.0,4065100.0,3865112.0,4919572.0,5839460.0,6115900.0,6115900.0,7129370.0,10293517.0,10778546.0,10307150.0,11256009.0,12395380.0,14007195.0,16203336.0,18222781.0,22203734.0,21200036.0,29000642.0,37415389.0,40010695.0,41814993.0,40775057.0,29834587.0,26100031.0,27055807.0,28011583.0,25680000.0
大连市,3412839.0,4755643.0,5281064.0,7330704.0,8290000.0,9262684.0,9262684.0,10030806.0,11107700.0,12356400.0,14061000.0,16325900.0,19617621.0,21522328.0,25696699.0,31306789.0,38582471.0,43495050.0,51581621.0,61506265.0,70028306.0,76507861.0,76555761.0,77316363.0,68101998.0,72393410.5,76684823.0,70020000.0
天水市,225130.0,292351.0,457707.0,671198.0,611920.0,722019.0,722019.0,736297.0,803094.0,875000.0,975060.0,1080145.0,1254685.0,1461676.0,1663925.0,1962073.0,2265698.0,2600022.0,3002285.0,3575508.0,4128747.0,4543365.0,5228228.0,5537728.0,5905136.0,6212839.0,6520542.0,6330000.0
天津市,7223454.0,10680857.0,7251400.0,11024000.0,12404000.0,13363800.0,13363800.0,14500600.0,16393600.0,18401000.0,20511600.0,24476600.0,29318800.0,36976200.0,43591500.0,50504000.0,63543800.0,75218500.0,92244600.0,113072800.0,128938800.0,143701600.0,157269300.0,165381900.0,178853900.0,183475150.0,188096400.0,141040000.0
太原市,1692039.0,2207219.0,1905966.0,2917832.0,3103600.0,3230836.0,3230836.0,3326763.0,3474579.0,3863400.0,4328880.0,5157089.0,6404993.0,8931620.0,10136482.0,12549447.0,14680851.0,15452409.0,17780539.0,20801243.0,23114326.0,24128724.0,25310917.0,27353442.0,29556045.0,34200411.5,38844778.0,40290000.0
威海市,1548879.0,2684493.0,2824300.0,4071200.0,4775900.0,5307000.0,5307000.0,5008000.0,5608914.0,6271016.0,7035039.0,8360200.0,10088100.0,11697700.0,13685270.0,15834545.0,17803493.0,17803493.0,19447000.0,21109500.0,23378600.0,25496900.0,27903400.0,30015700.0,32122000.0,34268400.0,36414800.0,29640000.0
娄底市,219249.0,395300.0,288705.0,324510.0,347994.0,,,1874071.0,1685355.0,1800628.0,1892986.0,2112509.0,2672073.0,3111113.0,3591162.0,4233519.0,5284038.0,5683129.0,6787067.0,8472625.0,10026518.0,11181729.0,12108581.0,12916626.0,14001393.0,14702765.0,15404137.0,16410000.0
孝感市,96363.0,714993.0,1554618.0,2606778.0,2988623.0,3370203.0,3370203.0,2724736.0,2625108.0,2878000.0,3140600.0,3435500.0,3812900.0,3602300.0,4041503.0,4808000.0,5930600.0,6728800.0,8006700.0,9581600.0,11051600.0,12389300.0,13547200.0,14572000.0,15766900.0,17447950.0,19129000.0,23010000.0
宁德市,23144.0,34424.0,128328.0,232181.0,280623.0,299621.0,318619.0,1252949.0,2187279.0,2362256.0,2440598.0,2698690.0,3090407.0,3435992.0,3839988.0,4574559.0,5426716.0,6122829.0,7386099.0,9301166.0,10777262.0,12387205.0,13760938.0,14873590.0,16231142.0,17829546.5,19427951.0,24520000.0
宁波市,3531475.0,5018200.0,4635058.0,7958607.0,8974306.0,9734402.0,9734402.0,10417362.0,11757538.0,13126854.0,15003435.0,17868542.0,21580377.0,24493099.0,28744435.0,34350042.0,39640472.0,43293025.0,51630017.0,60592409.0,65822064.0,71288672.0,76102816.0,80036103.0,86864911.0,97159771.5,107454632.0,119850000.0
安庆市,711328.0,948897.0,1382562.0,2051207.0,2522000.0,2479773.0,2479773.0,2482255.0,2524416.0,2641430.0,2852141.0,3204307.0,3920200.0,4296400.0,4942100.0,5876612.0,7047175.0,7706600.0,9881100.0,12157400.0,13597027.0,14182282.0,15443170.0,14174300.0,15311776.0,17243813.0,19175850.0,23810000.0
安康市,53780.0,83818.0,156878.0,191489.0,200188.0,214505.0,228822.0,508304.0,787786.0,805200.0,903600.0,1036010.0,1195450.0,1378500.0,1572362.0,1873700.0,2336744.0,2749450.0,3270630.0,4071700.0,4969080.0,6045520.0,6894370.0,7724590.0,8428616.0,9883158.0,11337700.0,11820000.0
安阳市,905943.0,1408621.0,1516066.0,2134862.0,2175825.0,2212881.0,2212881.0,2312626.0,2560095.0,2798274.0,3126410.0,3617866.0,4634693.0,5574577.0,6460021.0,8078243.0,10360548.0,11248807.0,13155890.0,14866057.0,15668969.0,16836494.0,17918143.0,18844808.0,20298494.0,22115366.0,23932238.0,22290000.0
安顺市,112447.0,120676.0,143242.0,186891.0,201558.0,213715.5,225873.0,405222.0,584571.0,635033.0,707276.0,787506.0,877905.0,1060334.0,1237372.0,1457813.0,1676482.0,1957038.0,2329210.0,2855509.0,3526171.0,4291600.0,5200600.0,6254100.0,7013500.0,7753750.0,8494000.0,9240000.0
定西市,,,,,,,,,,,,560458.0,630590.0,713036.0,807964.0,1001031.0,1056400.0,1319394.0,1560193.0,1869420.0,2232711.0,2522182.0,2901643.0,3049178.0,3310768.0,3436688.5,3562609.0,4160000.0
宜宾市,201921.0,269092.0,295501.0,496765.0,1510914.0,1681675.0,1681675.0,1786385.0,2006572.0,2293905.0,2583049.0,2910202.0,3490282.0,3700352.0,4280679.0,5290450.0,6458619.0,7207800.0,8708472.0,10911801.0,12427582.0,13428937.0,14438115.0,15259043.0,16530529.0,18397118.0,20263707.0,26020000.0
宜昌市,900905.0,1216683.0,1569956.0,2813983.0,3396355.0,3776284.0,3776284.0,3461031.0,3794924.0,4103443.0,4440603.0,4913566.0,5886758.0,6080600.0,6949100.0,8209000.0,10265600.0,12723300.0,15473200.0,21406900.0,25088900.0,28180700.0,31322100.0,33848000.0,37093600.0,38867700.0,40641800.0,44610000.0
宜春市,96190.0,124276.0,172186.0,232488.0,272011.0,284899.0,297787.0,1076793.5,1855800.0,2040740.0,2214287.0,2494974.0,2895167.0,3722066.0,4397203.0,5088563.0,6150000.0,7002430.0,8700005.0,10779820.0,12476000.0,13870708.0,15229911.0,16210204.0,17819520.0,19814032.0,21808544.0,26880000.0
宝鸡市,764455.0,1009042.0,983674.0,1265307.0,1501453.0,1683080.0,1683080.0,1827659.0,2031250.0,1950801.0,2181500.0,2611200.0,3202970.0,4157900.0,4769300.0,5817500.0,7140700.0,8065640.0,9760900.0,11757520.0,13743280.0,15459100.0,16429000.0,17876280.0,19321400.0,20986500.0,22651600.0,22240000.0
宣城市,,,,,,,,,1604387.0,1689098.0,1825966.0,2031763.0,2356600.0,2515300.0,2878800.0,3326478.0,4116100.0,4327700.0,5257000.0,6714000.0,7574700.0,8428049.0,9176300.0,9714569.0,10578243.0,11875145.0,13172047.0,15610000.0
宿州市,50106.0,158392.0,332000.0,558012.0,651893.0,1872000.0,1872000.0,1975034.0,1780388.0,1932239.0,2074129.0,2199287.0,2791206.0,3129800.0,3590100.0,4242700.0,5111031.0,5406000.0,6505700.0,8024267.0,9149528.0,10143289.0,11405288.0,12358259.0,13518116.0,14910166.5,16302217.0,19790000.0
宿迁市,,,,1248807.0,1446946.0,1654626.0,1654626.0,1820013.0,2006512.0,2231631.0,2470292.0,2781900.0,3355900.0,3759300.0,4542000.0,5420000.0,6550600.0,8268532.0,10640900.0,13208278.0,15220300.0,17062756.0,19306800.0,21261900.0,23511200.0,25509200.0,27507200.0,30990000.0
山南市,,,,,,,,,,,,,,,,,,,,,,,,,,,1643200.0,1870000.0
岳阳市,1028478.0,1401607.0,1504208.0,2457283.0,2795623.0,3064420.0,3064420.0,3312443.0,3640400.0,4069650.0,4520156.0,4951877.0,5903086.0,6348661.0,7334020.0,9158376.0,11057360.0,12721499.0,15393576.0,18994920.0,21999170.0,24355050.0,26693384.0,28862800.0,31008720.0,32559394.0,34110068.0,37800000.0
崇左市,,,,,,,,,,,1015266.0,1064853.0,1287343.0,1511295.0,1940282.0,2318725.0,2648005.0,3043555.0,3923691.0,4918478.0,5305064.0,5846288.0,6497236.0,6828231.0,7662005.0,8913460.5,10164916.0,7600000.0
巴中市,,43411.0,139500.0,248578.0,277622.0,292612.5,307603.0,573850.0,840097.0,864925.0,956326.0,1082321.0,1246570.0,1290055.0,1460812.0,1761156.0,2137624.0,2383161.0,2809074.0,3433939.0,3904003.0,4159422.0,4566596.0,5013438.0,5446605.0,5952723.5,6458842.0,7540000.0
巴彦淖尔市,,,,,,,,,,,,1513733.0,1894893.0,2170292.0,2782323.0,3551474.0,4390600.0,5098658.0,6033292.0,7184502.0,8133300.0,8348900.0,8674600.0,8874300.0,9153800.0,8642550.0,8131300.0,8750000.0
常州市,3322598.0,4956389.0,3149332.0,4311541.0,4701069.0,5045974.0,5045974.0,5387217.0,6006573.0,6729008.0,7606035.0,9014200.0,11006100.0,13033600.0,15694600.0,18812800.0,22022300.0,25199300.0,30448900.0,35809857.0,39698700.0,43609347.0,49018700.0,52731500.0,57738600.0,64120650.0,70502700.0,74010000.0
常德市,685784.0,839080.0,1710248.0,2691415.0,2831623.0,3036528.0,3036528.0,3193840.0,3497961.0,3985929.0,4432084.0,4865833.0,5833656.0,6341680.0,7238368.0,8640845.0,10496975.0,12392306.0,14915686.0,18111879.0,20385039.0,22649358.0,25141545.0,27090169.0,29538202.0,31740116.0,33942030.0,
平凉市,33836.0,43195.0,101295.0,142000.0,159592.0,168742.5,177893.0,,,,727784.0,806051.0,963426.0,1109677.0,1255928.0,1478204.0,1750618.0,1956563.0,2318873.0,2761872.0,3245086.0,3410775.0,3505533.0,3476994.0,3673000.0,3812325.5,3951651.0,4570000.0
平顶山市,792384.0,1065929.0,1499398.0,2371639.0,2257818.0,2390078.0,2390078.0,2494817.0,2715029.0,2953438.0,3215130.0,3656628.0,4698229.0,5609931.0,6754105.0,8211632.0,10677008.0,11278100.0,13108394.0,14846148.0,14957963.0,15568788.0,16371717.0,17057781.0,18251414.0,19801823.0,21352232.0,23730000.0
广元市,191385.0,262930.0,631357.0,813868.0,854992.0,845057.0,845057.0,849752.0,862872.0,878912.0,940993.0,1040781.0,1274716.0,1451893.0,1664814.0,2084596.0,2335589.0,2704803.0,3218678.0,4035362.0,4686575.0,5187500.0,5661920.0,6054300.0,6600100.0,7309300.0,8018500.0,9420000.0
广安市,,,,,,1170911.0,1170911.0,1169266.0,1264707.0,1385407.0,1544405.0,1763470.0,2175811.0,2463199.0,2811095.0,3388327.0,4049030.0,4503368.0,5372243.0,6598977.0,7522228.0,8351436.0,9196124.0,10056146.0,10786241.0,11644331.5,12502422.0,12500000.0
广州市,7143664.0,10025262.0,9761829.0,14449358.0,16462567.0,18416052.0,18416052.0,20567383.0,23759129.0,26857574.0,30014760.0,34968787.0,41158077.0,51542283.0,60738277.0,71091814.0,82158151.0,91382135.0,107482828.0,124234390.0,135512072.0,154201434.0,167068719.0,181004136.0,195474420.0,212033945.5,228593471.0,236290000.0
庆阳市,,,,,,,,,,,801400.0,896916.0,1083062.0,1438181.0,1715456.0,2008175.0,2484991.0,3022211.0,3576095.0,4543451.0,5293638.0,6053667.0,6688607.0,6094314.0,5978324.0,6529911.5,7081499.0,7430000.0
廊坊市,405115.0,570400.0,1508190.0,2456182.0,2820730.0,3102302.0,3213504.5,3324707.0,3688199.0,4134429.0,4599763.0,5285451.0,6048000.0,6212260.0,7298720.0,8839313.0,10514939.0,11474791.0,13510982.0,16114156.0,17943291.0,19431340.0,21759631.0,24738649.0,27063015.0,29072632.0,31082249.0,31960000.0
延安市,47391.0,51152.0,78003.0,127682.0,679634.0,768192.0,768192.0,812480.0,978192.0,1062600.0,1187600.0,1427600.0,1917640.0,3706160.0,4531110.0,6100780.0,7132720.0,7282600.0,8854200.0,11133500.0,12710200.0,13541350.0,13860940.0,11986300.0,10829110.0,13209115.0,15589120.0,16640000.0
开封市,537542.0,621371.0,866946.0,1550150.0,1757100.0,1885971.0,1885971.0,1991607.0,2262409.0,2523545.0,2698982.0,2820917.0,3457413.0,4080088.0,4752888.0,5554386.0,6893747.0,7787245.0,9271584.0,10724197.0,12070542.0,13635447.0,14920564.0,16058404.0,17551002.0,18786635.5,20022269.0,23640000.0
张家口市,683134.0,1222627.0,1255305.0,1937140.0,2172573.0,2283239.0,2283239.0,2295098.0,2439319.0,2580246.0,2783715.0,3199369.0,4001082.0,4157878.0,4841665.0,5663192.0,7203705.0,8003407.0,9664158.0,11186100.0,12335529.0,13169971.0,13489726.0,13635443.0,14659911.0,15013056.5,15366202.0,15510000.0
张家界市,,,272556.0,419772.0,475513.0,508095.0,508095.0,548323.0,603722.0,667147.0,729602.0,819087.0,960921.0,1106322.0,1275435.0,1513284.0,1839774.0,2030965.0,2424785.0,2980421.0,3389855.0,3656506.0,4100187.0,4477004.0,4930990.0,5360072.5,5789155.0,5520000.0
张掖市,42941.0,52679.0,99843.0,171770.0,197446.0,210723.0,224000.0,,,,756600.0,837640.0,993456.0,1107881.0,1267042.0,1466371.0,1698559.0,1920761.0,2127010.0,2568376.0,2919280.0,3359718.0,3617771.0,3735300.0,3999436.0,4038251.5,4077067.0,4490000.0
徐州市,1624885.0,2262924.0,3183994.0,5000445.0,5150180.0,5551461.0,5551461.0,6000327.0,6444961.0,7157099.0,7914376.0,9057900.0,10958000.0,12121500.0,14288000.0,16795600.0,20073600.0,23901600.0,29421394.0,35516456.0,40165800.0,44358243.0,49639100.0,53198804.0,58085200.0,62818750.0,67552300.0,71510000.0
德州市,314639.0,436436.0,1647423.0,2233489.0,2678664.0,3053363.0,3053363.0,3120000.0,3600000.0,4074300.0,4605000.0,5566800.0,6869000.0,8318300.0,10033800.0,11808200.0,14009100.0,14760842.0,16578200.0,19507100.0,22305600.0,24605900.0,25960800.0,27509400.0,29329900.0,31566450.0,33803000.0,30220000.0
德阳市,904790.0,1216100.0,1397684.0,1896002.0,2151754.0,2328062.0,2328062.0,2434517.0,2600749.0,2860074.0,3151091.0,3553762.0,4247771.0,4621670.0,5392036.0,6483972.0,6950411.0,7798930.0,9212679.0,11374486.0,12802046.0,13959445.0,15156490.0,16050640.0,17524542.0,19831607.5,22138673.0,23360000.0
忻州市,62351.0,69048.0,126090.0,159814.0,165748.0,176022.0,186296.0,510247.5,834199.0,843540.0,934096.0,1093822.0,1301939.0,1671700.0,1944549.0,2572845.0,3112485.0,3493072.0,4374561.0,5545452.0,6209439.0,6547321.0,6803394.0,6812356.0,7161357.0,8526327.5,9891298.0,10020000.0
怀化市,56922.0,81992.0,229024.0,354443.0,1900695.0,2024805.0,2024805.0,2102492.0,2104552.0,2141565.0,2304753.0,2496138.0,2912274.0,2952122.0,3339081.0,4116746.0,5037856.0,5594841.0,6749227.0,8456310.0,10010673.0,11176674.0,11812366.0,12732479.0,14003368.0,14568028.5,15132689.0,16170000.0
惠州市,848430.0,1418778.0,1800707.0,2718412.0,3228699.0,3619890.0,3560062.0,3923948.0,4403450.0,4803938.0,5252036.0,5909772.0,6851423.0,8034283.0,9349604.0,11049758.0,12903608.0,14147026.0,17299543.0,20930808.0,23675499.0,26783541.0,30003674.0,31400306.0,34121671.0,37576101.5,41030532.0,
成都市,3218467.0,5123996.0,5583533.0,8693356.0,10070260.0,11025948.0,11025948.0,11900325.0,13129900.0,14920370.0,16671012.0,18708046.0,21857299.0,23707644.0,27504776.0,33241677.0,39009857.0,45026032.0,55513336.0,68545786.0,81389438.0,91088904.0,100565926.0,108011633.0,121702335.0,137565025.5,153427716.0,170130000.0
扬州市,3851642.0,5908625.0,4704143.0,3511492.0,3766734.0,4015906.0,4015906.0,4269748.0,4721216.0,5054619.0,5589305.0,6472200.0,7881300.0,9220200.0,11001600.0,13118900.0,15732900.0,18563943.0,22294884.0,26303025.0,29332000.0,32520078.0,36979100.0,40168400.0,44493800.0,49577750.0,54661700.0,58500000.0
承德市,324819.0,644884.0,832975.0,1223426.0,1418522.0,1602771.0,1602771.0,1585321.0,1630258.0,1824136.0,2000110.0,2349782.0,3006156.0,3602892.0,4279969.0,5535406.0,7149413.0,7601136.0,8889619.0,11042013.0,11819213.0,12720917.0,13425500.0,13587278.0,14385741.0,14600421.5,14815102.0,14710000.0
抚州市,,,,,,,,,1251420.0,1356200.0,1492000.0,1684110.0,2041762.0,2620040.0,3135607.0,3679225.0,4340496.0,5029103.0,6300124.0,7425067.0,8250400.0,9406413.0,10367713.0,11051377.0,12109070.0,12966554.0,13824038.0,15110000.0
抚顺市,1718865.0,2469461.0,1413592.0,1684186.0,1928821.0,1937182.0,1937182.0,2057915.0,2322075.0,2579196.0,2801795.0,3148388.0,3750016.0,3902406.0,4578224.0,5472419.0,6624377.0,6986395.0,8951571.0,11133679.0,12363686.0,13404459.0,12765826.0,12164773.0,8650721.0,9569466.0,10488211.0,8470000.0
拉萨市,,,,,,,,,,,,,,,,1219100.0,1420500.0,1632777.0,1928484.5,2224192.0,2601358.0,3048700.0,3474500.0,3862000.0,4249500.0,4828650.0,5407800.0,6180000.0
揭阳市,253112.0,327989.0,1511745.0,2542740.0,3098550.0,3611220.0,3611220.0,3835917.0,3893852.0,4115157.0,4420948.0,4878432.0,5405300.0,4204984.0,4867500.0,5858984.0,7250296.0,8160920.0,10095114.0,12258643.0,13967948.0,16053517.0,17804442.0,18900144.0,20068992.0,20796836.5,21524681.0,21020000.0
攀枝花市,529915.0,1032300.0,719001.0,894596.0,985476.0,1049112.0,1049112.0,1083057.0,1145225.0,1241647.0,1388926.0,1642680.0,2008306.0,2480110.0,2900717.0,3452571.0,4276138.0,4240750.0,5239883.0,6456623.0,7400348.0,8008832.0,8708501.0,9251839.0,10146839.0,10941038.5,11735238.0,10100000.0
新乡市,926064.0,1189251.0,1553006.0,2646752.0,2469749.0,2560521.0,2560521.0,2632148.0,2808535.0,3086886.0,3404699.0,3789452.0,4615109.0,5441633.0,6399858.0,7796766.0,9494928.0,9919801.0,11899408.0,14894078.0,16197714.0,17660960.0,19179974.0,19750287.0,21669705.0,23467620.0,25265535.0,29180000.0
新余市,345647.0,517940.0,425406.0,500953.0,522111.0,565987.0,565987.0,599750.0,649408.0,729500.0,899660.0,1091000.0,1340000.0,1773193.0,2142709.0,2807714.0,4023218.0,4841748.0,6312212.0,7792129.0,8303232.0,8450692.0,9002683.0,9467964.0,10361912.0,10317677.5,10273443.0,9720000.0
无锡市,5743556.0,8375695.0,6072410.0,8700081.0,9600128.0,10520080.0,10520080.0,11380111.0,12001663.0,13601059.0,15806636.0,19012200.0,23500000.0,28046800.0,33005900.0,38585400.0,44195000.0,49917200.0,57933000.0,68801509.0,75681500.0,80701800.0,82053100.0,85182600.0,92100200.0,103243200.0,114386200.0,118520000.0
日喀则市,,,,,,,,,,,,,,,,,,,,,,,,,1877546.0,2154797.5,2432049.0,2790000.0
日照市,126003.0,412769.0,924000.0,1383200.0,1571300.0,1750000.0,1750000.0,1856200.0,2095045.0,2342100.0,2614300.0,3116700.0,3877800.0,4265000.0,5058700.0,6295800.0,7731401.0,8646600.0,10250800.0,12140800.0,13525700.0,15001600.0,16118700.0,16708000.0,18024900.0,,22021700.0,19490000.0
昆明市,1819845.0,2593649.0,2681332.0,4302723.0,4873321.0,5447860.0,5447860.0,5918911.0,6262853.0,6730627.0,7300813.0,8120121.0,9421371.0,10615544.0,12072855.0,14050473.0,15116795.0,18086467.0,21203700.0,25095813.0,30111433.0,34153115.0,37129943.0,39680051.0,43000780.0,47534879.5,52068979.0,64760000.0
昌都市,,,,,,,,,,,,,,,,,,,,,,,,,,,1914200.0,2210000.0
昭通市,160844.0,201847.0,221036.0,289692.0,286001.0,309640.0,333279.0,,,1080796.0,1126632.0,1212560.0,1456693.0,1671974.0,1956234.0,2266935.0,2722801.0,3204517.0,3796448.0,4650326.0,5555967.0,6347027.0,6703372.0,7083761.0,7655307.0,8275355.5,8895404.0,11940000.0
晋中市,,,,,,,,,1383729.0,1489973.0,1701410.0,2034428.0,2539148.0,3310171.0,3856794.0,4701976.0,5678066.0,6368106.0,7638366.0,8902376.0,9865596.0,10222281.0,10413000.0,10461155.0,10911041.0,12693540.0,14476039.0,14600000.0
晋城市,244290.0,350422.0,753307.0,1155478.0,1271344.0,1400327.0,1400327.0,1336030.0,1445381.0,1580261.0,1720312.0,1985067.0,2445115.0,3159994.0,3644086.0,4199561.0,5275490.0,6060499.0,7305428.0,8949773.0,10128134.0,10319143.0,10358203.0,10402416.0,10493400.0,12005965.0,13518530.0,13550000.0
普洱市,,,,,,,,,,,,,,,,,,,,,,4253855.0,4769455.0,5140121.0,5675443.0,6150105.5,6624768.0,8750000.0
景德镇市,309108.0,425817.0,426595.0,647544.0,734987.0,812568.0,812568.0,876154.0,952653.0,1042566.0,1162452.0,1406910.0,1651237.0,1930985.0,2247759.0,2618517.0,3219756.0,3640337.0,4615001.0,5647106.0,6282524.0,6802847.0,7382137.0,7720557.0,8401484.0,8433733.0,8465982.0,9260000.0
曲靖市,260323.0,382434.0,441501.0,651884.0,1837703.0,1934154.0,1934154.0,2001594.0,2131170.0,2318489.0,2543962.0,2816110.0,3424766.0,4409662.0,5368252.0,6504206.0,7875678.0,8709446.0,10055964.0,12099332.0,14001655.0,15839411.0,16494046.0,16502574.0,17751063.0,18942309.5,20133556.0,26380000.0
朔州市,242273.0,387600.0,472135.0,646423.0,750216.0,829593.0,829593.0,769498.0,835279.0,853543.0,1003957.0,1185962.0,1452132.0,1816505.0,2341263.0,3321931.0,4204038.0,5613074.0,6701476.0,8552006.0,10071198.0,10264012.0,10034100.0,9011301.0,9180640.0,9918486.0,10656332.0,10620000.0
朝阳市,540489.0,861534.0,1069242.0,1049758.0,930988.0,910275.0,910275.0,860804.0,820179.0,928439.0,1026199.0,1198189.0,1527847.0,2121350.0,2540231.0,3342279.0,4466114.0,5180944.0,6564084.0,8130202.0,9206331.0,10028603.0,9935232.0,8547329.0,7165334.0,7739815.5,8314297.0,8430000.0
本溪市,967318.0,1599900.0,1027415.0,1116920.0,1149000.0,1218941.0,1218941.0,1332939.0,1583175.0,1773090.0,1934967.0,2346594.0,2936043.0,3432895.0,4003426.0,4849215.0,6108589.0,6883947.0,8603675.0,10445851.0,11123567.0,11936598.0,11712452.0,11646927.0,7667098.0,7948982.5,8230867.0,7810000.0
来宾市,,,,,,,,,,,1043774.0,1192224.0,1452075.0,1700427.0,2034565.0,2453424.0,2715837.0,2993595.0,4048883.0,4862126.0,5142945.0,5155700.0,5512357.0,5576985.0,5891105.0,6407608.5,6924112.0,6540000.0
杭州市,4552856.0,6642100.0,5855239.0,9066133.0,10363299.0,11348899.0,11348899.0,12252795.0,13825616.0,15680138.0,17818302.0,20997744.0,25150000.0,29426519.0,34415068.0,41001722.0,47811649.0,50875530.0,59491687.0,70190579.0,78020058.0,83435193.0,92061633.0,100502079.0,113137223.0,124114365.5,135091508.0,153730000.0
松原市,379155.0,625210.0,755284.0,1192582.0,1177356.0,1268630.0,1359904.0,1481995.0,1557777.0,1780141.0,1952528.0,2271321.0,2847227.0,3655508.0,4736781.0,6073494.0,8067183.0,9008304.0,11028462.0,13609668.0,16054206.0,16504848.0,15962932.0,16373003.0,16516898.0,15126453.5,13736009.0,7300000.0
林芝市,,,,,,,,,,,,,,,,,,,,,,,,,,,1500100.0,1720000.0
枣庄市,846732.0,1167238.0,1304103.0,2040000.0,2141160.0,2337446.0,2337446.0,2271258.0,2488058.0,2768000.0,3138600.0,3832400.0,5033100.0,6333500.0,7599500.0,9255606.0,10928300.0,11960414.0,13620361.0,15616815.0,17029205.0,18306300.0,19801306.0,20310028.0,21426335.0,22725067.5,24023800.0,16940000.0
柳州市,1144156.0,1814403.0,1029461.0,1430693.0,1635299.0,1661595.0,1661595.0,1752306.0,1845031.0,2070060.0,2303105.0,3266706.0,4037641.0,5175009.0,6223355.0,7551234.0,9098522.0,10460537.0,13153121.0,15797154.0,18206066.0,20100543.0,22085074.0,22986169.0,24769396.0,27652926.5,30536457.0,31280000.0
株洲市,1023878.0,1396626.0,1362317.0,2146651.0,2397033.0,2632238.0,2632238.0,2809966.0,2914191.0,3226716.0,3552747.0,3830868.0,4524770.0,5241377.0,6052653.0,7512625.0,9095676.0,10248939.0,12754805.0,15642651.0,17613222.0,19494317.0,21610147.0,23351075.0,24884543.0,25599983.0,26315423.0,30030000.0
桂林市,447215.0,657283.0,519463.0,882220.0,1046972.0,2577389.0,2577389.0,2763149.0,3001573.0,3297756.0,3577507.0,3882878.0,4547642.0,5369232.0,6070178.0,7443201.0,8830250.0,9405425.0,11035587.0,13360749.0,14850212.0,16579048.0,18270531.0,19429668.0,20548216.0,20292135.5,20036055.0,21060000.0
梅州市,470809.0,740696.0,1105190.0,1384445.0,1443303.0,1700933.0,1523039.0,1837378.0,1759238.0,1895468.0,2046886.0,2270363.0,2716400.0,3144589.0,3492438.0,4106236.0,4778840.0,5192860.0,6128522.0,7075366.0,7459800.0,8000148.0,8858389.0,9597781.0,10455668.0,10778900.5,11102133.0,11870000.0
梧州市,257343.0,367118.0,380448.0,576786.0,1476096.0,1120049.0,1120049.0,1157764.0,1270786.0,1390514.0,1531624.0,1619978.0,1955430.0,2329796.0,2704162.0,3195739.0,4001238.0,4536513.0,5792817.0,7352445.0,8325790.0,9917096.0,10648152.0,10785858.0,11756486.0,11027478.0,10298470.0,9910000.0
榆林市,27165.0,33687.0,76181.0,120772.0,126570.0,131693.0,136816.0,623133.0,793135.0,926300.0,1113600.0,1381020.0,1850400.0,3200370.0,4394720.0,6723120.0,10082610.0,13023080.0,17566680.0,22922550.0,26698800.0,28467500.0,29205800.0,26212900.0,27730540.0,33108365.0,38486190.0,41360000.0
武威市,52081.0,61365.0,165185.0,244028.0,279408.0,309062.0,338716.0,,,705247.0,784706.0,900107.0,1080216.0,1418113.0,1616223.0,1876523.0,2101088.0,1927902.0,2287676.0,2728506.0,3415423.0,3811838.0,4059679.0,4161872.0,4617272.0,4654962.5,4692653.0,4880000.0
武汉市,3563042.0,5064848.0,4857571.0,7821325.0,9123256.0,10158880.0,10158880.0,10856837.0,12068363.0,13478027.0,14927435.0,16621797.0,19560000.0,22380000.0,25907569.0,31419048.0,39600819.0,46208600.0,55659300.0,67622000.0,80038200.0,90512700.0,100694800.0,109056000.0,119126100.0,133799500.0,148472900.0,162230000.0
毕节市,,,,,,,,,,,,,,,,,,,,7378833.0,8779637.0,10419300.0,12667000.0,14613476.0,16257900.0,17736076.5,19214253.0,19010000.0
永州市,115813.0,154516.0,354327.0,1870954.0,2138027.0,2309037.0,2309037.0,2438451.0,2621423.0,2492887.0,2713332.0,2803566.0,3278510.0,3612220.0,4145477.0,5063922.0,5926853.0,6400361.0,7670148.0,9453949.0,10595951.0,11754466.0,13014528.0,14181762.0,15658072.0,16857285.5,18056499.0,20170000.0
汉中市,115252.0,157115.0,153421.0,1145271.0,1225011.0,1284856.0,1284856.0,1355178.0,1424362.0,1530050.0,1413100.0,1634440.0,1925310.0,2165800.0,2467900.0,2910899.0,3526120.0,4156440.0,5097030.0,6474820.0,7545720.0,8817300.0,9910500.0,10648300.0,11564920.0,13141860.0,14718800.0,15480000.0
汕头市,1047748.0,1418668.0,1966518.0,3136629.0,3735241.0,4231779.0,4231779.0,4545900.0,4769769.0,4637544.0,4831587.0,5269693.0,6037625.0,6513573.0,7373823.0,8501019.0,9747835.0,10358687.0,12089743.0,12757412.0,14250138.0,15659049.0,17165113.0,18680251.0,20809729.0,22965116.5,25120504.0,26940000.0
汕尾市,79889.0,163338.0,617957.0,927795.0,1032576.0,1523039.0,1569220.5,1615402.0,1446309.0,1552966.0,1686717.0,1869331.0,2123059.0,2109840.0,2475548.0,2912525.0,3502293.0,3900405.0,4650789.0,5505542.0,6104079.0,6717548.0,7169931.0,7620631.0,8284882.0,8744032.5,9203183.0,10800000.0
江门市,2378265.0,3715372.0,2786479.0,4291370.0,4578679.0,4818765.0,4818765.0,5146937.0,5675106.0,6151585.0,6608232.0,7300825.0,8345574.0,8053737.0,9418767.0,11070736.0,12805877.0,13408813.0,15704191.0,18306373.0,18803941.0,20001764.0,20827636.0,22400243.0,24187806.0,26595939.5,29004073.0,31470000.0
池州市,,,,,,,,,581223.0,619052.0,669749.0,755027.0,924253.0,1101800.0,1300900.0,1580091.0,1924000.0,2455896.0,3008439.0,3724882.0,4174466.0,4622452.0,5171690.0,5447404.0,5890196.0,6369724.5,6849253.0,8320000.0
沈阳市,3999693.0,5169249.0,5562836.0,7718047.0,8511268.0,9388146.0,9388146.0,10131885.0,11191428.0,12364727.0,14000238.0,16033795.0,19006886.0,20841339.0,25196338.0,32211508.0,38604745.0,42685137.0,50175427.0,59157142.0,66025865.0,71585745.0,70987051.0,72723051.0,55464498.0,59194239.5,62923981.0,64700000.0
沧州市,300352.0,972211.0,1697549.0,3161855.0,3694603.0,4029868.0,4029868.0,4225325.0,4613449.0,4872054.0,5313289.0,6288615.0,7741155.0,11307973.0,12816666.0,14653827.0,17161616.0,18012287.0,22031199.0,25851998.0,28124212.0,30129850.0,31333822.0,33206328.0,35446800.0,36105460.5,36764121.0,35880000.0
河池市,90836.0,130107.0,127490.0,191653.0,221057.0,228719.5,236382.0,,,,1446067.0,1432723.0,1744381.0,2069592.0,2488920.0,3193089.0,3673139.0,3827713.0,4687372.0,5119613.0,4927088.0,5286188.0,6013922.0,6180346.0,6571808.0,7227403.5,7882999.0,8780000.0
河源市,129765.0,174222.0,511225.0,686107.0,754919.0,2490318.0,793666.0,2726750.0,913416.0,1023440.0,1162853.0,1368518.0,1730575.0,2049360.0,2643088.0,3280853.0,3941331.0,4054956.0,4751396.0,5792866.0,6152596.0,6803296.0,7689506.0,8100793.0,8987162.0,9523594.5,10060027.0,10800000.0
泉州市,531597.0,1163039.0,3802565.0,6290105.0,7462783.0,8638794.0,8638794.0,9518340.0,10450813.0,11250986.0,12230562.0,13801105.0,16029716.0,16263034.0,19007599.0,22837002.0,27052915.0,30695003.0,35649739.0,42708864.0,47264953.0,52180021.0,57333576.0,61377139.0,66466294.0,75573031.0,84679768.0,99470000.0
泰安市,958012.0,1498309.0,1845628.0,2603800.0,3135200.0,3443400.0,3443400.0,3563100.0,3964000.0,4480200.0,5152000.0,6040700.0,7321100.0,8556600.0,10181800.0,12261100.0,15133000.0,17156630.0,20516800.0,23043100.0,25470100.0,27907000.0,30021852.0,31583900.0,33167900.0,34841600.0,36515300.0,26640000.0
泰州市,,,,2936454.0,3177639.0,3420817.0,3420817.0,3689193.0,4052459.0,4499734.0,5046038.0,5800400.0,7052000.0,8222600.0,10022800.0,12018200.0,13943800.0,16609200.0,20487200.0,24226100.0,27016700.0,30069100.0,33708900.0,36879000.0,41017800.0,46047050.0,51076300.0,51330000.0
泸州市,351348.0,454877.0,801466.0,1223857.0,1433873.0,1560100.0,1560100.0,1620138.0,1654956.0,1779648.0,1922238.0,2163954.0,2587937.0,2849099.0,3311151.0,4038967.0,5084223.0,5876030.0,7148088.0,9008666.0,10304538.0,11404815.0,12597311.0,13534133.0,14819105.0,15884408.5,16949712.0,20810000.0
洛阳市,1377183.0,1866053.0,1938025.0,2927564.0,3350102.0,3648262.0,3648262.0,3774544.0,4227640.0,4651893.0,5350145.0,6863165.0,9051980.0,11123986.0,13336460.0,15953222.0,19196384.0,20014846.0,23202460.0,27027571.0,29811236.0,31407596.0,32845734.0,34690273.0,38201075.0,42304448.0,46407821.0,50350000.0
济南市,2470273.0,3757926.0,3620000.0,6118800.0,7317000.0,8211600.0,8211600.0,8813156.0,9522000.0,10662000.0,12008297.0,13653256.0,16188729.0,18766071.0,21850856.0,25628135.0,30174243.0,33513645.0,39105271.0,44062900.0,48036762.0,52301948.0,57705966.0,61002320.0,65361165.0,71963382.5,78565600.0,94430000.0
济宁市,1464995.0,2130516.0,2643701.0,4321900.0,4805700.0,5155100.0,5155100.0,5300000.0,5784400.0,6500200.0,7435000.0,8826100.0,11021600.0,12661900.0,14560939.0,17360100.0,21221600.0,22381300.0,25428200.0,28966900.0,31893700.0,35015400.0,38000607.0,40131243.0,43018200.0,46162000.0,49305800.0,43700000.0
海东市,,,,,,,,,,,,,,,,,,,,,,3370087.0,3656927.0,3843963.0,4227986.0,4371296.0,4514606.0,4970000.0
海口市,310255.0,524732.0,882931.0,988686.0,1045806.0,1102761.0,1102761.0,1184626.0,1336153.0,1456452.0,1627047.0,2288595.0,2530155.0,3013506.0,3501246.0,3936858.0,4431808.0,4895519.0,5951444.0,7132980.0,8187550.0,9046355.0,10917021.0,11619648.0,12576653.0,13840891.5,15105130.0,16720000.0
淄博市,2530052.0,3559318.0,3330470.0,4690000.0,4988000.0,5360000.0,5360000.0,5680000.0,6422000.0,7020900.0,7800000.0,10033800.0,12309600.0,14309500.0,16451600.0,19450200.0,23167800.0,24452800.0,28667500.0,32802300.0,35572100.0,38012400.0,40297668.0,41302400.0,44120100.0,47401800.0,50683500.0,36420000.0
淮北市,362901.0,542118.0,583448.0,855020.0,938827.0,942207.0,942207.0,987706.0,989529.0,1073760.0,1181038.0,1324689.0,1691300.0,2089900.0,2247200.0,2671818.0,3490900.0,3718734.0,4616043.0,5549156.0,6205393.0,7036634.0,7596370.0,7603904.0,7990337.0,8921119.5,9851902.0,10780000.0
淮南市,519891.0,671985.0,683059.0,1063871.0,1230000.0,1240000.0,1240000.0,1258010.0,1259965.0,1348558.0,1521178.0,1705041.0,2144900.0,2636000.0,3049800.0,3442294.0,4536200.0,5087730.0,6035491.0,7095384.0,7817510.0,8193895.0,7893187.0,9010822.0,9638395.0,10485729.5,11333064.0,12960000.0
淮安市,,,,,,2197767.0,2362477.5,2527188.0,2910502.0,3290168.0,3750195.0,4206400.0,5009700.0,5618100.0,6510600.0,7652300.0,9158300.0,11217500.0,13880700.0,16900000.0,19209100.0,21558600.0,24553900.0,27450900.0,30480000.0,33246250.0,36012500.0,38710000.0
深圳市,3710417.0,5759973.0,5671471.0,9500446.0,11300057.0,12890190.0,12890190.0,14365071.0,16652406.0,19541700.0,22568300.0,28954070.0,34228000.0,49509078.0,58135624.0,68015706.0,78065387.0,82013176.0,95815101.0,115055298.0,129500601.0,145002302.0,160018207.0,175028634.0,194926012.0,218572891.5,242219771.0,269270000.0
清远市,314773.0,472410.0,1005097.0,1348576.0,1395869.0,1180978.0,1368604.0,1329952.0,1552273.0,1618963.0,1713954.0,1967999.0,2482768.0,3229561.0,4322273.0,5939484.0,7466166.0,8615921.0,10881841.0,10030326.0,10250321.0,10930403.0,11977408.0,12778570.0,13877104.0,14764526.5,15651949.0,16980000.0
温州市,1157197.0,1711690.0,2967801.0,5100892.0,6058218.0,6771891.0,6771891.0,7331880.0,8281243.0,9320751.0,10609664.0,12264424.0,14025726.0,15963530.0,18375038.0,21589093.0,24242923.0,25273448.0,29250426.0,34185315.0,36691842.0,40038617.0,43030460.0,46180766.0,51015586.0,55538601.0,60061616.0,66060000.0
渭南市,81998.0,102399.0,192254.0,1300873.0,1409854.0,1517990.0,1517990.0,1521913.0,1642000.0,1700900.0,1817700.0,2074610.0,2477000.0,3124200.0,3500700.0,4248820.0,4897150.0,6554980.0,8014230.0,10289730.0,11537980.0,13490070.0,14237500.0,14690806.0,14886210.0,16281670.0,17677130.0,18280000.0
湖州市,1274174.0,2113083.0,1869530.0,2679177.0,2961650.0,3245411.0,3245411.0,3426184.0,3778769.0,3850025.0,4225003.0,4907516.0,5906926.0,6442499.0,7610154.0,8920238.0,10348945.0,11018263.0,13017294.0,15200553.0,16643045.0,18031501.0,19559985.0,20842666.0,22843743.0,25017209.0,27190675.0,31220000.0
湘潭市,709323.0,1006916.0,1062891.0,1699100.0,1875000.0,2000840.0,2000840.0,2133810.0,2247749.0,2382813.0,2622958.0,2676868.0,3327810.0,3668374.0,4220780.0,5268100.0,6547824.0,7393818.0,8940050.0,11241443.0,12823929.0,14430649.0,15705611.0,17030972.0,18667869.0,20140724.5,21613580.0,22580000.0
湛江市,1017004.0,1392861.0,2266969.0,3212148.0,3485591.0,3593140.0,3593140.0,3797350.0,4079212.0,4348730.0,4638102.0,5209716.0,6081602.0,6580938.0,7701767.0,8925611.0,10486608.0,11566678.0,14050630.0,17002272.0,18602206.0,20600069.0,22589897.0,23800243.0,25844327.0,27964127.5,30083928.0,30650000.0
滁州市,237113.0,1002971.0,1198975.0,2004029.0,2410482.0,2355364.5,2300247.0,2428751.0,2557255.0,2653988.0,2808265.0,3005000.0,3556400.0,3280800.0,3722901.0,4355544.0,5201110.0,5761845.0,6956502.0,8504891.0,9707413.0,10861431.0,12144000.0,13056964.0,14228257.0,16122876.5,18017496.0,29090000.0
滨州市,156289.0,227853.0,248742.0,408039.0,435310.0,460354.0,485398.0,1592699.0,2700000.0,3065000.0,3406000.0,4065000.0,5194500.0,6672700.0,8336700.0,10302894.0,12368300.0,13549931.0,15515164.0,18175833.0,19877262.0,21557271.0,22767060.0,23553298.0,24701013.0,25553106.5,26405200.0,24570000.0
漯河市,239353.0,379437.0,605151.0,1100015.0,1260487.0,1366115.0,1366115.0,1469191.0,1642624.0,1823247.0,2007737.0,2215676.0,2795597.0,3221361.0,3802783.0,4370242.0,5502627.0,5917024.0,6804948.0,7517001.0,7971238.0,8615355.0,9411601.0,9928496.0,10819257.0,11592945.0,12366633.0,15780000.0
漳州市,644159.0,873943.0,1629034.0,2995873.0,3685213.0,4332983.0,4332983.0,4870732.0,4773573.0,5238905.0,5346970.0,6033969.0,7020241.0,6285310.0,7169115.0,8548082.0,10020167.0,11780103.0,14307097.0,17682006.0,20021125.0,22360244.0,25063612.0,27673767.0,31253456.0,35364901.5,39476347.0,47420000.0
潍坊市,2394178.0,3617209.0,4191000.0,6300000.0,7180000.0,7740000.0,7740000.0,6473000.0,7145600.0,8020000.0,8950000.0,10300000.0,12464100.0,14711800.0,17208800.0,20560200.0,24918100.0,27072300.0,30909200.0,35418400.0,40124300.0,44207000.0,47860000.0,51705000.0,51706000.0,56636900.0,61567800.0,56890000.0
潮州市,301964.0,430556.0,845248.0,1302027.0,1514713.0,1368604.0,1700933.0,1443580.0,1981205.0,2051118.0,2152232.0,2364556.0,2569282.0,2876046.0,3300161.0,3802248.0,4427597.0,4801815.0,5592431.0,6472168.0,7066543.0,7803423.0,8502208.0,9101099.0,9768303.0,10220546.5,10672790.0,10810000.0
濮阳市,556271.0,767431.0,993303.0,1485335.0,1650250.0,1705816.0,1705816.0,2179107.0,2039449.0,2194533.0,2371350.0,2650299.0,3174246.0,3839824.0,4562361.0,5261408.0,6572798.0,6616319.0,7754037.0,8973433.0,9896987.0,11304789.0,12536056.0,13283410.0,14495555.0,15520127.5,16544700.0,15810000.0
烟台市,2427039.0,3841973.0,4480000.0,6503100.0,7250000.0,7400000.0,7400000.0,8006600.0,8795900.0,9795000.0,11150000.0,13160000.0,16308949.0,20124600.0,24057504.0,28799509.0,34341900.0,37017900.0,43584600.0,49068300.0,52813800.0,56138700.0,60020788.0,64460800.0,69256587.0,73791193.5,78325800.0,76530000.0
焦作市,841470.0,1330659.0,1686892.0,2362853.0,2463681.0,2508236.0,2508236.0,2117325.0,2285547.0,2566587.0,2876249.0,3414205.0,4557036.0,5839740.0,6990957.0,8560041.0,10315860.0,10714238.0,12459260.0,14426241.0,15513469.0,17073608.0,18443139.0,19260785.0,20950796.0,22332889.5,23714983.0,27610000.0
牡丹江市,760798.0,778087.0,1023507.0,1414726.0,1568407.0,1856215.0,1856215.0,1911618.0,2076558.0,2285937.0,2424485.0,2669036.0,3017544.0,3028103.0,3470888.0,4169660.0,5060872.0,6292848.0,7649791.0,9403461.0,9810518.0,12160742.0,12640168.0,13107000.0,13681181.0,13354146.0,13027111.0,8250000.0
玉林市,170458.0,288040.0,598258.0,721759.0,2411548.0,1874002.0,1874002.0,1911475.0,1989324.0,2109083.0,2256110.0,2447588.0,2998748.0,3562503.0,4150625.0,5060407.0,6059167.0,6834915.0,8402489.0,10199447.0,11020800.0,11984584.0,13417462.0,14461253.0,15538300.0,15846435.5,16154571.0,16800000.0
玉溪市,410616.0,745863.0,1705231.0,2362274.0,2807819.0,3253364.0,3253364.0,2941452.0,2945531.0,2713850.0,2730769.0,2864738.0,3278995.0,3682253.0,4158666.0,4959279.0,5960973.0,6444042.0,7364354.0,8765508.0,10001749.0,11024677.0,11847251.0,12445230.0,13118823.0,14024603.0,14930383.0,19500000.0
珠海市,1082862.0,1582992.0,1656900.0,2073203.0,2351974.0,2635000.0,2635000.0,2866141.0,3302555.0,3665942.0,4062651.0,4732742.0,5462802.0,6349521.0,7477029.0,8959010.0,9920616.0,10386627.0,12085958.0,14049305.0,15037642.0,16623757.0,18672129.0,20254111.0,22263708.0,25705529.0,29147350.0,34360000.0
白城市,97519.0,280698.0,485523.0,598064.0,606433.0,587551.0,587551.0,700595.0,732589.0,833000.0,1020181.0,1233531.0,1370006.0,1521856.0,1900399.0,2286120.0,2907212.0,3533626.0,4451802.0,5545757.0,6155007.0,6923486.0,6861811.0,6996822.0,7001392.0,6533226.5,6065061.0,4920000.0
白山市,290556.0,376257.0,450649.0,611699.0,672838.0,738504.0,738504.0,784468.0,850100.0,936096.0,1003247.0,1098582.0,992254.0,1604820.0,1919006.0,2374523.0,3003488.0,3566348.0,4331670.0,5314342.0,6430212.0,6736447.0,6752889.0,6685521.0,6966243.0,6791671.0,6617099.0,5090000.0
白银市,383345.0,530369.0,370791.0,550873.0,590030.0,652408.0,652408.0,718506.0,770319.0,841841.0,951751.0,1053445.0,1263304.0,1465368.0,1757102.0,2075226.0,2442835.0,2653311.0,3111826.0,3758008.0,4337651.0,4633061.0,4476423.0,4342749.0,4422085.0,4769026.5,5115968.0,4860000.0
百色市,56724.0,86087.0,123215.0,194676.0,226997.0,238739.5,250482.0,,,,1442419.0,1625228.0,2061640.0,2393604.0,2972745.0,3503547.0,4162366.0,4528599.0,5635071.0,6567051.0,7552415.0,8038711.0,9179154.0,9803511.0,11143094.0,11455413.0,11767732.0,12580000.0
益阳市,135641.0,160246.0,1123729.0,1507776.0,1730754.0,1837139.0,1837139.0,1927356.0,1936084.0,2100108.0,2294538.0,2396731.0,2873425.0,2947607.0,3362102.0,4176247.0,5112770.0,5916182.0,7122748.0,8836303.0,10202773.0,11231297.0,12531471.0,13544119.0,14931802.0,16257791.0,17583780.0,17920000.0
盐城市,1448250.0,2005240.0,2295737.0,3812003.0,4214760.0,4646832.0,4646832.0,5002400.0,5485925.0,6032330.0,6732616.0,7433900.0,8713600.0,10049000.0,11742600.0,13712600.0,16032600.0,19170000.0,23327600.0,27713300.0,31200000.0,34755000.0,38356200.0,42125000.0,45760800.0,50315800.0,54870800.0,57020000.0
盘锦市,889548.0,1456689.0,1544904.0,2001673.0,2259670.0,2314004.0,2314004.0,2515475.0,2990604.0,3008647.0,3020112.0,3380089.0,3687000.0,4413248.0,5091464.0,5628575.0,6750045.0,6768658.0,9263214.0,11199202.0,12449563.0,13510562.0,13039536.0,12565377.0,10071351.0,11118566.5,12165782.0,12810000.0
眉山市,,,,,,,,,1247982.0,1349000.0,1495165.0,1740527.0,2168208.0,2450669.0,2808286.0,3437497.0,4127098.0,4653274.0,5522508.0,6733376.0,7752152.0,8600424.0,9448913.0,10298632.0,11172317.0,11866265.5,12560214.0,13800000.0
石嘴山市,223962.0,303966.0,253739.0,359179.0,393892.0,422873.0,422873.0,443880.0,505034.0,552472.0,578590.0,692109.0,893847.0,1096294.0,1297701.0,1693068.0,2287270.0,2707801.0,2985969.0,3680209.0,4099688.0,4464393.0,4672622.0,4823793.0,5135744.0,5597464.0,6059184.0,5110000.0
石家庄市,1795891.0,3114100.0,4174210.0,6564068.0,7813998.0,8458583.0,8458583.0,9083677.0,10031119.0,10854284.0,11868132.0,13779438.0,16334594.0,17867750.0,20266320.0,23607230.0,28383712.0,30012797.0,34010186.0,40826833.0,45002098.0,48636583.0,51702653.0,54405988.0,59277293.0,60051736.5,60826180.0,58100000.0
福州市,1698445.0,2424285.0,3847529.0,6298067.0,7525341.0,8639244.0,8639244.0,9434378.0,10032690.0,10742289.0,11605280.0,13476759.0,15484561.0,14763142.0,16640515.0,19745818.0,22841602.0,26040448.0,31234092.0,37363796.0,42182887.0,46784951.0,51691647.0,56180844.0,61976395.0,70272259.0,78568123.0,93920000.0
秦皇岛市,506547.0,845700.0,1393006.0,2010365.0,2307143.0,2494997.0,2494997.0,2629975.0,2853937.0,3073141.0,3356576.0,3870301.0,4534443.0,4911470.0,5520509.0,6835782.0,8089526.0,8045421.0,9304969.0,10700808.0,11393664.0,11687549.0,12000219.0,12504439.0,13493526.0,14924578.5,16355631.0,16120000.0
绍兴市,1948249.0,3021667.0,3078070.0,5137087.0,5945503.0,6512592.0,6512592.0,7050648.0,7797639.0,8225419.0,9281491.0,10892802.0,13138654.0,14474700.0,16776266.0,19720520.0,22229451.0,23757754.0,27952029.0,33319960.0,36540321.0,39672887.0,42658839.0,44659653.0,47890304.0,51029628.0,54168952.0,57810000.0
绥化市,79720.0,95700.0,355750.0,551790.0,620745.0,658066.0,695387.0,1924029.5,3152672.0,3395907.0,3202128.0,3498974.0,3975993.0,3507883.0,3972715.0,4472112.0,5417896.0,6058790.0,7334286.0,9120937.0,10579799.0,11838630.0,11902452.0,12722076.0,13163122.0,13379487.0,13595852.0,11010000.0
绵阳市,997126.0,1464762.0,1635252.0,2384820.0,2751501.0,3086626.0,3086626.0,3105223.0,3178849.0,3300864.0,3696998.0,3965792.0,4549447.0,4825313.0,5608402.0,6734967.0,7431645.0,8201664.0,9602153.0,11891140.0,13464220.0,14551243.0,15798910.0,17003318.0,18304207.0,20671210.5,23038214.0,28560000.0
聊城市,162922.0,184628.0,218400.0,500600.0,1427250.0,2353900.0,2445200.0,2536500.0,2808300.0,3185400.0,3755000.0,4541900.0,5726900.0,6931391.0,8413300.0,10254153.0,12526700.0,13783700.0,16223800.0,19194200.0,21467500.0,23658700.0,25164000.0,26636200.0,28591800.0,30056650.0,31521500.0,22600000.0
肇庆市,1289247.0,2171215.0,1842979.0,2886120.0,3310964.0,3560062.0,3619890.0,3923696.0,3833994.0,4110187.0,4502169.0,4663914.0,5485089.0,4505704.0,5160945.0,5922177.0,7158542.0,8620048.0,10858680.0,13244142.0,14623503.0,16600720.0,18450647.0,19700100.0,20840190.0,21429101.0,22018012.0,22490000.0
自贡市,483219.0,653500.0,780969.0,1119737.0,1260065.0,1361893.0,1361893.0,1429004.0,1519624.0,1643332.0,1812198.0,2027893.0,2493484.0,2739544.0,3199990.0,3941538.0,4868510.0,5410487.0,6477251.0,7803591.0,8847971.0,10016028.0,10734046.0,11431113.0,12345637.0,13206384.0,14067131.0,14280000.0
舟山市,310339.0,396613.0,596987.0,825827.0,891533.0,935639.0,935639.0,1013672.0,1140261.0,1266912.0,1460140.0,1722656.0,2120391.0,2801592.0,3351979.0,4083700.0,4902500.0,5352361.0,6443170.0,7727535.0,8531767.0,9308493.0,10152567.0,10928459.0,12411989.0,12789487.5,13166986.0,13720000.0
芜湖市,656790.0,877524.0,750881.0,1320637.0,1649423.0,1867609.0,1867609.0,1931721.0,2005754.0,2187703.0,2455133.0,2848538.0,3450746.0,4006500.0,4797190.0,5823014.0,7496460.0,9019997.0,11085924.0,16582420.0,18736339.0,20995271.0,23095488.0,24573234.0,26994385.0,29889851.0,32785317.0,36180000.0
苏州市,8277917.0,11659363.0,7208982.0,10021368.0,11325941.0,12500133.0,12500133.0,13584312.0,15406798.0,17602795.0,20803673.0,28015600.0,34500000.0,40265200.0,48202600.0,57008500.0,67012900.0,77402000.0,92289100.0,107169900.0,120116500.0,130157000.0,137608900.0,145040700.0,154750900.0,170362800.0,185974700.0,192360000.0
茂名市,1001675.0,1555960.0,2196346.0,3506907.0,3959962.0,4274942.0,4274942.0,4572196.0,4910888.0,5401839.0,5925513.0,6572548.0,7503380.0,8082259.0,9231302.0,10246000.0,12178395.0,12312519.0,14920857.0,17453130.0,19361785.0,21601686.0,23490313.0,24456300.0,26367435.0,28644601.5,30921768.0,32520000.0
荆州市,,,,,,3246633.0,3246633.0,2791174.0,3015435.0,3300000.0,3591000.0,3899800.0,4300200.0,3930400.0,4380700.0,5196300.0,6239800.0,7095800.0,8371000.0,10431100.0,11960200.0,13349300.0,14804900.0,15905000.0,17267500.0,19044650.0,20821800.0,25160000.0
荆门市,340135.0,504705.0,580494.0,2467807.0,2887921.0,3095303.0,3095303.0,2298460.0,2482213.0,2712200.0,2934604.0,3275115.0,3794609.0,3102908.0,3487304.0,4200794.0,5203600.0,6000969.0,7300700.0,9425900.0,10852600.0,12026100.0,13105900.0,13884600.0,15210000.0,16844450.0,18478900.0,20340000.0
莆田市,323215.0,497100.0,944169.0,1525679.0,1400882.0,1592846.0,1592846.0,1760444.0,1984502.0,2201347.0,2320750.0,2627554.0,3084822.0,3599087.0,4236808.0,5117039.0,6099627.0,6914192.0,8503257.0,10506159.0,12027880.0,13428623.0,15020721.0,16551618.0,18234281.0,20329207.5,22424134.0,25950000.0
菏泽市,192823.0,240246.0,318113.0,425208.0,406112.0,415908.0,425704.0,1255809.0,2085914.0,2257200.0,2498400.0,2901000.0,3652200.0,4508500.0,5396000.0,6860200.0,8217900.0,9573109.0,12270900.0,15565200.0,17873557.0,20500100.0,22221900.0,24009600.0,25602400.0,28195100.0,30787800.0,
萍乡市,239258.0,345053.0,405047.0,651836.0,745070.0,839792.0,839792.0,919901.0,994865.0,1084502.0,1204051.0,1428645.0,1725560.0,2280989.0,2654942.0,3162760.0,3876366.0,4214862.0,5203900.0,6581538.0,7330597.0,7983294.0,8649524.0,9123871.0,9982752.0,10036628.5,10090505.0,9300000.0
营口市,690840.0,912784.0,910793.0,1144586.0,1254525.0,1422974.0,1422974.0,1545225.0,1708299.0,1923362.0,2176304.0,2533800.0,3183313.0,3795888.0,4572440.0,5701071.0,7035683.0,7994827.0,10024494.0,12246540.0,13811809.0,15131145.0,15460811.0,15137503.0,11562477.0,12514842.5,13467208.0,13280000.0
葫芦岛市,,,1020714.0,1262460.0,1407944.0,1507455.0,1507455.0,1517184.0,1603422.0,1840493.0,2060788.0,2400291.0,2933558.0,2995243.0,3481105.0,4175255.0,4578221.0,4455816.0,5314485.0,6500636.0,7193325.0,7751057.0,7215505.0,7201673.0,6473518.0,7300679.5,8127841.0,8070000.0
蚌埠市,569520.0,743533.0,895261.0,1374934.0,1625911.0,1760829.0,1760829.0,1802529.0,1596623.0,1716516.0,1901881.0,2081442.0,2636600.0,3113300.0,3590200.0,4096988.0,4863852.0,5320870.0,6368877.0,7802393.0,8902164.0,10078541.0,11511949.0,12530550.0,13858228.0,15502394.0,17146560.0,20570000.0
衡水市,109774.0,149932.0,190694.0,2072248.0,2424187.0,2662401.0,2727262.5,2792124.0,2985606.0,3237405.5,3489205.0,3967576.0,4738046.0,5196937.0,5469867.0,5583839.0,6338142.0,6521058.0,7818229.0,9290736.0,10110263.0,10702335.0,11491345.0,12200080.0,14201825.0,14894367.0,15586909.0,15050000.0
衡阳市,767551.0,969311.0,1516856.0,2392318.0,2643541.0,3000134.0,3000134.0,3252363.0,3530805.0,3862195.0,4189963.0,4454628.0,5421735.0,5908645.0,6720697.0,8208659.0,10000859.0,11680146.0,14203377.0,17342967.0,19577018.0,21694404.0,23965488.0,26015749.0,28530158.0,29495218.5,30460279.0,33730000.0
衢州市,489045.0,701850.0,874183.0,1302175.0,1334083.0,1408255.0,1408255.0,1474938.0,1618997.0,1762770.0,2003105.0,2337312.0,2837600.0,3291100.0,3874000.0,4785000.0,5800500.0,6265500.0,7554826.0,9196209.0,9722460.0,10565716.0,11150977.0,11461322.0,12515883.0,13610849.5,14705816.0,15740000.0
襄阳市,,,,,,,,,,,,,,,,,,,15382700.0,20201150.0,25019600.0,28140200.0,31292600.0,33821200.0,36945100.0,40021500.0,43097900.0,48130000.0
西宁市,400173.0,547356.0,362583.0,541336.0,604771.0,669345.0,669345.0,731621.0,920131.0,1044875.0,1213381.0,1448328.0,1747354.0,2375652.0,2816093.0,3424581.0,4221885.0,5010743.0,6282800.0,7707043.0,8510857.0,9785314.0,10657811.0,11316193.0,12481677.0,12672907.0,12864137.0,13280000.0
西安市,1908969.0,2411843.0,2898173.0,4104259.0,5005543.0,5571501.0,5571501.0,6137007.0,6885081.0,7338500.0,8235000.0,9416000.0,10958700.0,12701400.0,14736800.0,17637300.0,21900400.0,27240800.0,32414900.0,38642100.0,43661000.0,48841300.0,54926400.0,58012000.0,62571800.0,73035200.0,83498600.0,93210000.0
许昌市,419478.0,538030.0,990487.0,1707094.0,2220949.0,2429190.0,2429190.0,2591992.0,2913482.0,3261883.0,3628207.0,4116846.0,5158199.0,6054744.0,7185397.0,8553952.0,10620503.0,11307471.0,13164870.0,15887419.0,17161891.0,18775574.0,20872312.0,21711562.0,23777133.0,26041675.5,28306218.0,28310000.0
贵港市,119146.0,204563.0,384194.0,1004878.0,1036492.0,1017311.0,1017311.0,1035320.0,1086129.0,1196569.0,1262664.0,1343959.0,1648303.0,2270151.0,2651941.0,3380180.0,3985273.0,4377331.0,5446571.0,6308187.0,6791828.0,7420091.0,8053951.0,8652035.0,9587564.0,10643159.0,11698754.0,12580000.0
贵阳市,924222.0,1081331.0,993054.0,1701512.0,1975101.0,2195496.0,2195496.0,2375921.0,2648110.0,3027470.0,3363696.0,3809191.0,4436292.0,5256159.0,6028845.0,6937170.0,8110521.0,9719382.0,11218174.0,13830724.0,17003048.0,20854252.0,24972691.0,28911600.0,31577001.0,34780769.5,37984538.0,40400000.0
贺州市,,,,,535918.0,540474.5,545031.0,,,,1102567.0,1149806.0,1400430.0,1643265.0,1896526.0,2392012.0,2528364.0,2492167.0,2968680.0,3564003.0,3942144.0,4238481.0,4483807.0,4681077.0,5181900.0,5604094.0,6026288.0,7010000.0
资阳市,,,,,,,383341.0,905984.5,1428628.0,1533988.0,1680151.0,1944489.0,2369337.0,2548422.0,3001036.0,3739669.0,4676250.0,5345119.0,6579017.0,8364437.0,9847194.0,10923616.0,11956020.0,12703811.0,9434411.0,10049871.5,10665332.0,7780000.0
赣州市,140671.0,186713.0,177982.0,302281.0,353479.0,,,2505231.0,2661989.0,2845752.0,3091679.0,3450595.0,3980147.0,5001106.0,5827320.0,7019653.0,8348486.0,9406290.0,11197412.0,13359972.0,15084851.0,16733140.0,18435921.0,19738688.0,22071959.0,25072165.5,28072372.0,34740000.0
赤峰市,397880.0,497600.0,934234.0,1250453.0,1411459.0,1476518.0,1476518.0,1539264.0,1608131.0,1796219.0,2054143.0,2424821.0,3266530.0,3475633.0,4280089.0,5901361.0,7523927.0,9128888.0,10862293.0,13471906.0,15693540.0,16861549.0,17783716.0,18612749.0,19332792.0,17415596.0,15498400.0,17080000.0
辽源市,275489.0,314412.0,365455.0,448348.0,491164.0,557866.0,557866.0,610594.0,671146.0,637016.0,697070.0,816105.0,1000597.0,1370800.0,1716110.0,2165000.0,2711856.0,3361820.0,4101426.0,5004925.0,6051273.0,7003010.0,6903093.0,7266404.0,7652485.0,6934248.0,6216011.0,4100000.0
辽阳市,698311.0,1033838.0,1141957.0,1323833.0,1451000.0,1463721.0,1463721.0,1547268.0,1720710.0,1806211.0,2019508.0,2387762.0,2900185.0,3300613.0,3930333.0,4677120.0,5666088.0,6082597.0,7354295.0,8886669.0,10004881.0,10799909.0,10146163.0,10285818.0,6541758.0,7619509.0,8697260.0,8310000.0
达州市,,,,,,,230416.0,1766371.0,1878429.0,2053982.0,2250400.0,2551400.0,3218573.0,3425580.0,4003974.0,5104223.0,6039863.0,6827297.0,8192030.0,10118289.0,11354623.0,12454149.0,13478324.0,13507623.0,14470836.0,15686288.5,16901741.0,20420000.0
运城市,94781.0,104061.0,146600.0,230114.0,263158.0,250780.5,238403.0,978427.5,1718452.0,1935000.0,2305186.0,2936189.0,3682811.0,4708299.0,5502093.0,6195053.0,6914452.0,7230077.0,8274316.0,10168221.0,10686498.0,11401151.0,12017177.0,11740143.0,12223486.0,13659946.5,15096407.0,15630000.0
连云港市,617486.0,845947.0,1166253.0,2102004.0,2385282.0,2646654.0,2646654.0,2849626.0,2911337.0,3158201.0,3501518.0,3449236.0,4163600.0,4559700.0,5273800.0,6181800.0,7501000.0,9411300.0,11933100.0,14105200.0,16034200.0,17854217.0,19658900.0,21606400.0,23764800.0,25740900.0,27717000.0,31390000.0
通化市,533950.0,717326.0,807065.0,1026880.0,1146012.0,1232150.0,1232150.0,1304049.0,1422690.0,1580510.0,1741323.0,1923723.0,2178000.0,2336343.0,2847362.0,3536277.0,4473262.0,5180017.0,6270844.0,7802319.0,8811232.0,10034500.0,10084958.0,10012129.0,9475914.0,8884457.0,8293000.0,7260000.0
通辽市,148655.0,221994.0,212454.0,342368.0,414200.0,437600.5,461001.0,1345950.0,1487879.0,1737214.0,2030653.0,2381544.0,2770805.0,3293183.0,4130283.0,5861392.0,7419620.0,9613935.0,11766183.0,14488194.0,16918500.0,17818000.0,18868000.0,18772700.0,19493818.0,16254909.0,13016000.0,12670000.0
遂宁市,269979.0,300969.0,608128.0,949590.0,1045339.0,1095380.0,1095380.0,1107617.0,1180249.0,1282343.0,1406178.0,1591880.0,1935270.0,2065863.0,2409397.0,3049454.0,3726708.0,4120706.0,4952288.0,6033565.0,6824097.0,7366143.0,8095540.0,9158112.0,10084521.0,11149217.5,12213914.0,13460000.0
遵义市,272940.0,349664.0,249227.0,394458.0,1939730.0,2162572.0,2162572.0,2259573.0,2367919.0,2525677.0,2761331.0,3075252.0,3623727.0,4075747.0,4645307.0,5405353.0,6557276.0,7776409.0,9087570.0,11214632.0,13439251.0,15846700.0,18743600.0,21683400.0,24039400.0,,,34830000.0
邢台市,485517.0,1039189.0,1519083.0,2561207.0,2908907.0,3201335.0,3201335.0,3393337.0,3703839.0,4063406.0,4394074.0,5146061.0,6355770.0,6807485.0,7909297.0,8907487.0,9890039.0,10562913.0,12120943.0,14289231.0,15320620.0,16045756.0,16469408.0,17647323.0,19757460.0,20632535.5,21507611.0,21200000.0
那曲市,,,,,,,,,,,,,,,,,,,,,,,,,,,1356700.0,1580000.0
邯郸市,1110060.0,2074500.0,2227146.0,3807283.0,4411249.0,4792422.0,4792422.0,4969986.0,5423546.0,5916767.0,6531664.0,7625607.0,9364918.0,11572862.0,13594576.0,16081303.0,19903633.0,20152800.0,23615569.0,27890278.0,30242864.0,30615043.0,30800054.0,31454319.0,33370903.0,33958304.0,34545705.0,34860000.0
邵阳市,445584.0,524097.0,1217692.0,1827262.0,2046973.0,2206726.0,2206726.0,2354781.0,2515953.0,2432092.0,2600747.0,2850856.0,3366166.0,3600894.0,4095117.0,4759067.0,5615709.0,6006947.0,7272893.0,9072264.0,10284120.0,11300386.0,12616104.0,13869988.0,15302577.0,16564529.0,17826481.0,21520000.0
郑州市,1696692.0,2201320.0,2929640.0,5044902.0,5744045.0,6203185.0,6203185.0,6408491.0,7380243.0,8281974.0,9282890.0,11022770.0,13778886.0,16606006.0,20134777.0,24867470.0,30039925.0,33085053.0,40408926.0,49798455.0,55497869.0,62019000.0,67769890.0,73115210.0,81139666.0,91286419.5,101433173.0,115900000.0
郴州市,181977.0,201343.0,953695.0,1513806.0,1895096.0,2104741.0,2104741.0,2313984.0,2502714.0,2571121.0,2886309.0,3242609.0,3950835.0,4776876.0,5462338.0,6505242.0,7340633.0,8432283.0,10817632.0,13463756.0,15172679.0,16855232.0,18725768.0,20120654.0,22041285.0,22979990.5,23918696.0,24110000.0
鄂尔多斯市,,,,,,,,,,1718362.0,2047691.0,2713973.0,3803751.0,5948228.0,8000046.0,11509051.0,16030184.0,21610000.0,26432300.0,32185400.0,36568000.0,39558982.0,40554873.0,42261300.0,44179341.0,40905720.5,37632100.0,36050000.0
鄂州市,254029.0,436846.0,529290.0,1002957.0,1008426.0,1093297.0,1093297.0,917709.0,905531.0,1013900.0,1113400.0,1257000.0,1419200.0,1469700.0,1683300.0,2087073.0,2697900.0,3237121.0,3952900.0,4908900.0,5603900.0,6309400.0,6866400.0,7300100.0,7978200.0,9015600.0,10053000.0,11400000.0
酒泉市,46450.0,61967.0,85435.0,130177.0,141841.0,147157.0,152473.0,,,,950705.0,1066855.0,1222504.0,1460284.0,1732453.0,2032500.0,2480173.0,3210478.0,4050348.0,4815458.0,5745681.0,6419382.0,6105496.0,5447963.0,5779341.0,5874106.0,5968871.0,6180000.0
重庆市,3984684.0,5665400.0,5432445.0,8571184.0,13501000.0,14292600.0,14292600.0,14797100.0,15896000.0,17497700.0,19713000.0,22505600.0,26653900.0,30704900.0,34915700.0,41225100.0,50966600.0,65300100.0,79255800.0,100113700.0,114096000.0,126566900.0,142626000.0,157172700.0,177405900.0,190518900.0,203631900.0,236060000.0
金华市,1104341.0,1523937.0,2534632.0,4249552.0,4619568.0,4844853.0,4844853.0,5000345.0,5465158.0,5973418.0,6804122.0,8016023.0,9783771.0,10635397.0,12346957.0,14656700.0,16818457.0,17760647.0,21100441.0,24580703.0,27107675.0,29587771.0,32082030.0,34023399.0,36849362.0,38925840.5,41002319.0,45600000.0
金昌市,213097.0,261975.0,238271.0,323096.0,312500.0,301102.0,301102.0,312876.0,350746.0,400569.0,452011.0,541581.0,855262.0,1158700.0,1526136.0,2132190.0,1944259.0,1947494.0,2105134.0,2327546.0,2433884.0,2520357.0,2561027.0,2245163.0,2078152.0,2360278.5,2642405.0,3400000.0
钦州市,71155.0,95531.0,644480.0,1123179.0,1273312.0,1226812.0,1226812.0,1238784.0,1323558.0,1440898.0,1546561.0,1553338.0,1746454.0,2055202.0,2450725.0,3039209.0,3774232.0,3963669.0,5206655.0,6466515.0,6913216.0,7537500.0,8549638.0,9444242.0,11020466.0,11970056.5,12919647.0,13560000.0
铁岭市,544408.0,673600.0,889235.0,988505.0,1041787.0,1129961.0,1129961.0,1185487.0,1265064.0,1378909.0,1518136.0,1765242.0,2160570.0,2642307.0,3239324.0,4039664.0,5363280.0,6057065.0,7221291.0,8738428.0,9753258.0,10312722.0,8672909.0,7409003.0,5880423.0,6023306.0,6166189.0,6400000.0
铜仁市,,,,,,,,,,,,,,,,,,,,3577155.0,4439100.0,5352236.0,6477345.0,7708924.0,8569700.0,9617450.0,10665200.0,12490000.0
铜川市,149111.0,194231.0,203042.0,305467.0,340309.0,370748.0,370748.0,388113.0,404280.0,370800.0,409000.0,486850.0,589020.0,695200.0,836310.0,1022700.0,1286500.0,1558600.0,1877340.0,2345280.0,2733060.0,3219750.0,3253630.0,3245390.0,3116070.0,3197810.0,3279550.0,3550000.0
铜陵市,359859.0,476668.0,333540.0,519461.0,580129.0,643624.0,643624.0,685354.0,733027.0,801435.0,884156.0,1030449.0,1367200.0,1820500.0,2436300.0,2869000.0,3253100.0,3437300.0,4667000.0,5794100.0,6213008.0,6806000.0,7163100.0,9116000.0,9573000.0,10898298.0,12223596.0,9600000.0
银川市,333206.0,451368.0,482381.0,672066.0,754963.0,809834.0,809834.0,875462.0,950260.0,1048208.0,1334608.0,1567845.0,1889679.0,2885029.0,3352918.0,4086009.0,5141138.0,5781483.0,7694227.0,9866761.0,11509344.0,12890199.0,13886244.0,14938590.0,16177071.0,17595947.5,19014824.0,18970000.0
锦州市,989931.0,1193200.0,1402384.0,1659074.0,1796389.0,1865499.0,1865499.0,1867279.0,1958541.0,2164675.0,2428663.0,2817002.0,3431203.0,3819403.0,4602450.0,5510889.0,6904436.0,7272951.0,9126325.0,11169266.0,12427098.0,13449310.0,13639990.0,13273292.0,10328139.0,11126116.0,11924093.0,10730000.0
镇江市,1604402.0,2420384.0,2205348.0,3351073.0,3605427.0,3905572.0,3905572.0,4165149.0,4520250.0,5026584.0,5608973.0,6405100.0,7811600.0,8716700.0,10215200.0,12066865.0,14081351.0,16720765.0,19876400.0,23114500.0,26304200.0,29272800.0,32524400.0,35024800.0,38338400.0,39419200.0,40500000.0,41270000.0
长春市,2416066.0,3210100.0,3261840.0,4882217.0,5412214.0,6090527.0,6090527.0,7070473.0,8609987.0,10030125.0,11501802.0,13380369.0,15350051.0,16784691.0,17411922.0,20890859.0,25618985.0,28485627.0,33290329.0,40030775.0,44566446.0,50031808.0,53424262.0,55300345.0,59864200.0,65810658.5,71757117.0,59040000.0
长沙市,1485618.0,1934110.0,2530577.0,4000701.0,4828691.0,5428509.0,5428509.0,5884360.0,6564098.0,7280774.0,8128469.0,9294858.0,11338828.0,15199001.0,17989572.0,21902548.0,30009795.0,37447641.0,45470573.0,56193285.0,63999097.0,71531346.0,78248074.0,85101328.0,93569088.0,101801602.0,110034116.0,115740000.0
长治市,446460.0,600900.0,781697.0,1237000.0,1384000.0,1516430.0,1516430.0,1535400.0,1702026.0,1845920.0,2060160.0,2556615.0,3184746.0,3987461.0,4603998.0,5506252.0,6821316.0,7752901.0,9202336.0,12186017.0,13286098.0,13337207.0,13311415.0,11953423.0,12704767.0,14580551.5,16456336.0,16400000.0
阜新市,382665.0,525261.0,533904.0,635813.0,627310.0,684545.0,684545.0,644568.0,650531.0,703271.0,852089.0,1030302.0,1271258.0,1425943.0,1586389.0,1935087.0,2339120.0,2879693.0,3788656.0,4802605.0,5599635.0,6151240.0,6061578.0,5255376.0,4078179.0,4269042.5,4459906.0,4880000.0
阜阳市,172619.0,242671.0,366985.0,3894328.0,4593911.0,3816091.0,3816091.0,3505614.0,2004995.0,2005501.0,2097706.0,2168607.0,2633200.0,3246100.0,3783600.0,4537578.0,5412700.0,6077994.0,7218144.0,8531905.0,9624981.0,10624758.0,11889663.0,12674505.0,14018589.0,15806894.0,17595199.0,27050000.0
防城港市,,60550.0,260500.0,396995.0,482275.0,519722.0,519722.0,546187.0,575085.0,626461.0,692829.0,719769.0,846046.0,1021085.5,1196125.0,1592770.0,2121817.0,2510367.0,3204155.0,4137721.0,4439937.0,5251470.0,5889380.0,6207242.0,6760383.0,6864284.0,6968185.0,7010000.0
阳江市,252632.0,382819.0,894570.0,1174964.0,1264759.0,3555119.0,1416520.0,4128370.0,1695018.0,1855144.0,2054187.0,2328630.0,2738565.0,2953441.0,3393210.0,4078569.0,4838439.0,5272696.0,6398389.0,7668241.0,8870330.0,10398362.0,11685491.0,12500077.0,12707564.0,13105356.5,13503149.0,12920000.0
阳泉市,345476.0,460600.0,488412.0,786766.0,880765.0,939397.0,939397.0,909487.0,947094.0,1004012.0,1091737.0,1259180.0,1515009.0,2002511.0,2374387.0,2732413.0,3106529.0,3487100.0,4293774.0,5281145.0,6019519.0,6118094.0,6166154.0,5957009.0,6228625.0,6782784.5,7336944.0,7190000.0
陇南市,,,,,,,,,,,,,633830.0,741836.0,934900.0,1118061.0,1216011.0,1423400.0,1694085.0,1976822.0,2259756.0,2495000.0,2625279.0,3151353.0,3398884.0,3595578.5,3792273.0,4450000.0
随州市,,,641298.0,1030262.0,1216161.0,1270534.5,1324908.0,1262987.5,1201067.0,1296400.0,1430100.0,1568800.0,1896900.0,1930700.0,2183300.0,2576200.0,3102000.0,3419100.0,4016600.0,5179900.0,5905200.0,6619400.0,7234500.0,7852600.0,8521800.0,9316850.0,10111900.0,11620000.0
雅安市,90185.0,110169.0,105023.0,182580.0,209109.0,216250.0,223391.0,481376.5,739362.0,810416.0,895209.0,1003435.0,1215901.0,1264636.0,1489092.0,1767505.0,2132237.0,2396141.0,2865379.0,3501250.0,3980524.0,4179698.0,4624143.0,5025788.0,5453272.0,5957160.5,6461049.0,7240000.0
青岛市,3313693.0,4553572.0,5207599.0,7102000.0,7977025.0,8883973.0,8883973.0,9928300.0,11500703.0,13160846.0,15181700.0,17804200.0,21638000.0,26958172.0,32065800.0,37865156.0,44361800.0,48538672.0,56661900.0,66156000.0,73021100.0,80066000.0,86921000.0,93000700.0,100112900.0,110064050.0,120015200.0,117410000.0
鞍山市,2391650.0,4002986.0,3302492.0,3950424.0,4360287.0,4826739.0,4826739.0,5249721.0,5812213.0,6415123.0,7089643.0,7903681.0,10060000.0,10180120.0,11360123.0,13435436.0,16078635.0,17304740.0,21250121.0,23987633.0,24293160.0,26232539.0,23858951.0,23369966.0,14619713.0,16065146.5,17510580.0,17450000.0
韶关市,853803.0,1327629.0,1203280.0,1604117.0,1733320.0,1821372.0,1821372.0,1966510.0,2015300.0,2191864.0,2356100.0,2680300.0,3127628.0,3399334.0,4005559.0,4716931.0,5458677.0,5787525.0,6831033.0,8168058.0,9064760.0,10100737.0,11134897.0,11499806.0,12183920.0,12811515.0,13439110.0,13180000.0
马鞍山市,671686.0,1180900.0,800000.0,1093304.0,1235224.0,1171143.0,1171143.0,1236502.0,1261744.0,1381549.0,1545927.0,1925237.0,2650950.0,3713461.0,4289000.0,5321000.0,6363000.0,6658905.0,8110148.0,11441815.0,12320000.0,12928032.0,13331200.0,13653044.0,14937617.0,17059308.5,19181000.0,21110000.0
驻马店市,125639.0,152667.0,160364.0,253003.0,296936.0,309167.0,321398.0,1561116.5,2800835.0,3056202.0,3316976.0,3457143.0,4458303.0,5003555.0,5719231.0,6674772.0,8129755.0,9005247.0,10537118.0,12447731.0,13735463.0,15420210.0,16912964.0,18070960.0,19729881.0,21716590.5,23703300.0,27420000.0
鸡西市,347293.0,443430.0,608630.0,895424.0,1008181.0,1077819.0,1077819.0,1181365.0,1244084.0,1363440.0,1491194.0,1691294.0,1946995.0,2046355.0,2362214.0,2646464.0,3158814.0,3538182.0,4194931.0,5078321.0,5823381.0,5709117.0,5160088.0,5146868.0,5183793.0,5267787.5,5351782.0,5520000.0
鹤壁市,215038.0,292134.0,403891.0,666755.0,699629.0,732335.0,732335.0,770250.0,853405.0,948240.0,1050506.0,1222482.0,1563417.0,1862357.0,2216682.0,2744319.0,3423523.0,3636276.0,4291193.0,5005192.0,5457806.0,6221183.0,6821975.0,7172528.0,7717894.0,8168453.5,8619013.0,9890000.0
鹤岗市,306010.0,310080.0,280651.0,453685.0,556378.0,626128.0,626128.0,629391.0,632730.0,697139.0,768841.0,880058.0,1048765.0,1120588.0,1300017.0,1535718.0,1846919.0,2023349.0,2509870.0,3130593.0,3582393.0,3200142.0,2594613.0,2655736.0,2641031.0,2768400.5,2895770.0,3360000.0
鹰潭市,237215.0,324674.0,248363.0,357655.0,395000.0,389100.0,389100.0,420336.0,539487.0,588195.0,656671.0,797237.0,963748.0,1235280.0,1432082.0,2202019.0,2566218.0,2568020.0,3448865.0,4275959.0,4821747.0,5534700.0,6069809.0,6392614.0,6953489.0,7571638.0,8189787.0,9410000.0
黄冈市,,,201453.0,2684944.0,3159103.0,3464035.0,3252719.5,3041404.0,3203296.0,3430456.0,3622700.0,3872350.0,4323957.0,3485600.0,3911900.0,4737400.0,6007500.0,7301900.0,8623000.0,10451100.0,11928800.0,13325500.0,14591500.0,15892400.0,17261700.0,18806850.0,20352000.0,23230000.0
黄山市,157158.0,197918.0,370551.0,573125.0,675571.0,725483.0,725483.0,778711.0,813108.0,882945.0,967473.0,1084187.0,1319800.0,1599782.0,1874889.0,2132317.0,2499000.0,2669198.0,3093198.0,3788148.0,4249452.0,4702965.0,5071697.0,5309000.0,5768174.0,6273658.5,6779143.0,8180000.0
黄石市,670482.0,939482.0,544982.0,1153179.0,1383989.0,1605195.0,1605195.0,1800312.0,2007512.0,2226200.0,2454500.0,2736400.0,3169800.0,3432100.0,4010300.0,4666800.0,5565700.0,5715900.0,6901200.0,9259600.0,10409500.0,11420300.0,12185600.0,12281000.0,13055500.0,14464400.0,15873300.0,17670000.0
黑河市,29228.0,171568.0,496892.0,695933.0,766801.0,786647.0,786647.0,755324.0,765648.0,824628.0,895727.0,971388.0,1122757.0,1204960.0,1356863.0,1663188.0,2056219.0,2242095.0,2610994.0,3160451.0,3660823.0,3896462.0,4213621.0,4478252.0,4708056.0,4879677.5,5051299.0,5790000.0
齐齐哈尔市,958142.0,1172640.0,1523119.0,2198581.0,2563559.0,2626261.0,2626261.0,2683433.0,2825549.0,3011998.0,3330510.0,3501690.0,4018847.0,4224396.0,4815986.0,5560392.0,6658807.0,6905169.0,8804569.0,10658065.0,11760768.0,12303980.0,12093360.0,12703250.0,13253110.0,13327340.5,13401571.0,11290000.0
龙岩市,214640.0,336891.0,343602.0,1508756.0,1700568.0,1894625.0,1894625.0,2078099.0,2266848.0,2342689.0,2578580.0,2943962.0,3492257.0,3856278.0,4500075.0,5534371.0,6728476.0,8248814.0,9908973.0,12421544.0,13746498.0,14798988.0,16212107.0,17384535.0,18956670.0,21444810.5,23932951.0,26790000.0
